Artkod;Status;Art;Skyddad;StatVilt;Eunr;VetKod;Std;SVnamn;VetNamn;ENnamn;MinVinge;MaxVinge;MinVikt;MaxVikt;VM;Rtyp1;Rtyp2
SMLOM;A;SMLOM;;;00020;GAVSTE;J;Smålom;Gavia stellata;Red-throated Loon;;;;;S;91;
STLOM;A;STLOM;;;00030;GAVARC;J;Storlom;Gavia arctica;Black-throated Loon;;;;;S;92;
ISLOM;A;ISLOM;;;00040;GAVIMM;;Svartnäbbad islom;Gavia immer;Great Northern Loon;;;;;;;
VILOM;A;VILOM;;;00050;GAVADA;J;Vitnäbbad islom;Gavia adamsii;Yellow-billed Loon;;;;;;;
SMDOP;A;SMDOP;;;00070;TACRUF;J;Smådopping;Tachybaptus ruficollis;Little Grebe;;;;;S;7;
SKDOP;A;SKDOP;;;00090;PODCRI;J;Skäggdopping;Podiceps cristatus;Great Crested Grebe;150;250;500;1200;S;91;
GRDOP;A;GRDOP;;;00100;PODGRI;J;Gråhakedopping;Podiceps grisegena;Red-necked Grebe;;;;;S;91;
POAUR;A;POAUR;;;00110;PODAUR;J;Svarthakedopping;Podiceps auritus;Horned Grebe;;;;;S;8;
PONIG;A;PONIG;P;J;00120;PODNIG;J;Svarthalsad dopping;Podiceps nigricollis;Black-necked Grebe;;;;;S;8;
STFÅG;A;STFÅG;;;00220;FULGLA;J;Stormfågel;Fulmarus glacialis;Northern Fulmar;;;;;S;7;
STLIR;A;STLIR;;;00400;PUFGRA;;Större lira;Puffinus gravis;Great Shearwater;;;;;;;
GRLIR;A;GRLIR;;;00430;PUFGRI;;Grå lira;Puffinus griseus;Sooty Shearwater;;;;;;;
MILIR;A;MILIR;;;00460;PUFPUF;;Mindre lira;Puffinus puffinus;Manx Shearwater;;;;;;;
STSVA;A;STSVA;;;00520;HYDPEL;J;Stormsvala;Hydrobates pelagicus;European Storm-petrel;;;;;S;2;
KLSTO;A;KLSTO;;;00550;OCELEU;J;Klykstjärtad stormsvala;Oceanodroma leucorhoa;Leach's Storm-petrel;;;;;;;
HASUL;A;HASUL;;;00710;SULBAS;J;Havssula;Morus bassanus;Northern Gannet;;;;;S;92;
PHCAR;A;PHCAR;;;00720;PHACAR;J;Storskarv;Phalacrocorax carbo;Great Cormorant;300;400;1000;4000;S;92;
PCCAR;R;PHCAR;;;00721;PHACARC;J;Storskarv;Phalacrocorax carbo carbo;Great Cormorant;;;;;S;92;
PCSIN;R;PHCAR;;;00722;PHACARS;J;Storskarv;Phalacrocorax carbo sinensis;Great Cormorant;;;;;S;92;
TOSKA;A;TOSKA;;;00800;PHAARI;J;Toppskarv;Phalacrocorax aristotelis;European Shag;;;;;;;
DVSKA;A;DVSKA;;;00820;PHAPYG;;Dvärgskarv;Phalacrocorax pygmaeus;Pygmy Cormorant;;;;;;;
RÖDRO;A;RÖDRO;;J;00950;BOTSTE;J;Rördrom;Botaurus stellaris;Great Bittern;300;400;800;2500;;91;
IXMIN;A;IXMIN;;;00980;IXOMIN;;Dvärgrördrom;Ixobrychus minutus;Little Bittern;;;;;;;
MAHÄG;A;MAHÄG;;;01070;BUTSTR;;Mangrovehäger;Butorides striata;Striated Heron;;;;;;7;
ARGRA;A;ARGRA;;;01090;ARDGRA;;Rishäger;Ardeola grayii;Indian Pond Heron;;;;;;;
REHÄG;A;REHÄG;;;01180;EGRGUL;;Revhäger;Egretta gularis;Western Reef Egret;;;;;;90;
HÄGER;A;HÄGER;;;01220;ARDCIN;J;Gråhäger;Ardea cinerea;Grey Heron;400;500;800;2500;;92;91
SVSTO;A;SVSTO;P;J;01310;CICNIG;J;Svart stork;Ciconia nigra;Black Stork;;;;;;92;
VISTO;A;VISTO;;J;01340;CICCIC;J;Vit stork;Ciconia ciconia;White Stork;;;;;;CIC;
STFLA;A;STFLA;;;01470;PHOROS;;Större flamingo;Phoenicopterus roseus;Greater Flamingo;;;;;;92;
KNSVA;A;KNSVA;;;01520;CYGOLO;J;Knölsvan;Cygnus olor;Mute Swan;500;700;3000;15000;;99;
MISÅN;A;MISÅN;;;01530;CYGCOL;J;Mindre sångsvan;Cygnus columbianus;Tundra Swan;;;;;;99;
SÅSVA;A;SÅSVA;;;01540;CYGCYG;J;Sångsvan;Cygnus cygnus;Whooper Swan;500;700;3000;15000;;99;
SÅKNZ;Z;SÅKNZ;;;0154Z;OLOCYGZ;J;Hybrid: sångsvan / knölsvan;Hybrid: Cygnus cygnus / olor;Hybrid: Whooper Swan / Mute Swan;;;;;;;
SÄGÅS;A;SÄGÅS;P;;01570;ANSFAB;J;Sädgås;Anser fabalis;Bean Goose;300;500;800;3000;S;92,5;
SPGÅS;A;SPGÅS;;;01580;ANSBRA;J;Spetsbergsgås;Anser brachyrhynchus;Pink-footed Goose;;;;;S;91;
BLGÅS;A;BLGÅS;;;01590;ANSALB;J;Bläsgås;Anser albifrons;Greater White-fronted Goose;300;500;800;3000;S;91;
FJGÅS;A;FJGÅS;P;J;01600;ANSERY;J;Fjällgås;Anser erythropus;Lesser White-fronted Goose;;;;;S;91;
VIFJX;X;VIFJZ;;;0160X;LEUERYX;;Hybrid?: vitkindad gås / fjällgås;Hybrid?:Branta leucopsis/Anser erythrop.;Hybrid?: Barnacle/L. White-fronted Goose;;;;;;;
VIFJZ;Z;VIFJZ;;;0160Z;LEUERYZ;;Hybrid: vitkindad gås / fjällgås;Hybrid:Branta leucopsis/Anser erythropus;Hybrid: Barnacle/L. White-fronted Goose;;;;;;;
GRGÅS;A;GRGÅS;;;01610;ANSANS;J;Grågås;Anser anser;Greylag Goose;400;600;1000;5000;S;92,5;92
KAGRZ;Z;KAGRZ;;;0161Z;CANANSZ;J;Hybrid: grågås / kanadagås;Hybrid: Anser anser / Branta canadensis;Hybrid: Greylag Goose / Canada Goose;;;;;;;
STGÅS;A;STGÅS;;;01620;ANSIND;J;Stripgås;Anser indicus;Bar-headed Goose;;;;;;;
SNGÅS;A;SNGÅS;;;01630;ANSCAE;J;Snögås;Anser caerulescens;Snow Goose;;;;;;;
SNGRZ;Z;SNGRZ;;;0163Z;CAEANSZ;;Hybrid: snögås / grågås;Hybrid: Anser caerulescens / anser;Hybrid: Snow Goose / Greylag Goose;;;;;;;
KAGÅS;A;KAGÅS;;;01660;BRACAN;J;Kanadagås;Branta canadensis;Canada Goose;400;600;1000;5000;S;92,5;
VIKAZ;Z;VIKAZ;;;0166Z;LEUCANZ;;Hybrid: vitkindad gås / kanadagås;Hybrid: Branta leucopsis / canadensis;Hybrid: Barnacle Goose / Canada Goose;;;;;;;
VIGÅS;A;VIGÅS;;;01670;BRALEU;J;Vitkindad gås;Branta leucopsis;Barnacle Goose;300;500;800;3000;S;91;
VISNZ;Z;VISNZ;;;0167Z;LEUCAEZ;;Hybrid: vitkindad gås / snögås;Hybrid:Branta leucopsis/Anser caerulesc.;Hybrid: Barnacle Goose / Snow Goose;;;;;;;
PRGÅS;A;PRGÅS;;;01680;BRABER;J;Prutgås;Branta bernicla;Brent Goose;250;400;600;2000;S;91;
BBBER;R;PRGÅS;;;01681;BRABERB;J;Prutgås;Branta bernicla bernicla;Brent Goose;;;;;S;91;
BBHRO;R;PRGÅS;;;01682;BRABERH;J;Prutgås;Branta bernicla hrota;Brent Goose;;;;;S;91;
RÖGÅS;A;RÖGÅS;;;01690;BRARUF;;Rödhalsad gås;Branta ruficollis;Red-breasted Goose;;;;;;;
ROAND;A;ROAND;;;01710;TADFER;;Rostand;Tadorna ferruginea;Ruddy Shelduck;;;;;;;
TATAD;A;TATAD;;;01730;TADTAD;J;Gravand;Tadorna tadorna;Common Shelduck;250;400;600;2000;S;90;
BLAND;A;BLAND;;;01790;ANAPEN;J;Bläsand;Anas penelope;Eurasian Wigeon;200;350;400;1200;S;8;
SNAND;A;SNAND;;;01820;ANASTR;J;Snatterand;Anas strepera;Gadwall;200;350;400;1200;S;8;
KRICK;A;KRICK;;;01840;ANACRE;J;Kricka;Anas crecca;Common Teal;150;250;150;500;S;7;
ANPLA;A;ANPLA;;;01860;ANAPLA;J;Gräsand;Anas platyrhynchos;Mallard;200;350;500;2000;S;90;
ANACU;A;ANACU;;;01890;ANAACU;J;Stjärtand;Anas acuta;Northern Pintail;200;350;400;1200;S;90;8
ACPLX;X;ACPLZ;;;0189X;ACUPLAX;;Hybrid?: stjärtand / gräsand;Hybrid?: Anas acuta / platyrhynchos;Hybrid?: Northern Pintail / Mallard;;;;;;;
ACPLZ;Z;ACPLZ;;;0189Z;ACUPLAZ;;Hybrid: stjärtand / gräsand;Hybrid: Anas acuta / platyrhynchos;Hybrid: Northern Pintail / Mallard;;;;;;;
ÅRTA;A;ÅRTA;;;01910;ANAQUE;J;Årta;Anas querquedula;Garganey;150;250;150;500;S;7;
SKAND;A;SKAND;;;01940;ANACLY;J;Skedand;Anas clypeata;Northern Shoveler;175;300;300;1000;S;8;
RÖDYK;A;RÖDYK;;;01960;NETRUF;J;Rödhuvad dykand;Netta rufina;Red-crested Pochard;;;;;;;
BRAND;A;BRAND;;;01980;AYTFER;J;Brunand;Aythya ferina;Common Pochard;175;300;400;1200;S;90;
VIGG;A;VIGG;;;02030;AYTFUL;J;Vigg;Aythya fuligula;Tufted Duck;175;300;400;1200;S;8;90
BEAND;A;BEAND;;;02040;AYTMAR;J;Bergand;Aythya marila;Greater Scaup;175;300;400;1200;S;8;
EJDER;A;EJDER;;;02060;SOMMOL;J;Ejder;Somateria mollissima;Common Eider;200;350;800;4000;S;91;
PREJD;A;PREJD;;;02070;SOMSPE;;Praktejder;Somateria spectabilis;King Eider;;;;;;;
ALFÖR;A;ALFÖR;;;02090;POLSTE;J;Alförrädare;Polysticta stelleri;Steller´s Eider;;;;;;;
HIHIS;A;HIHIS;;;02110;HISHIS;;Strömand;Histrionicus histrionicus;Harlequin Duck;;;;;;;
ALFÅG;A;ALFÅG;;;02120;CLAHYE;J;Alfågel;Clangula hyemalis;Long-tailed Duck;175;300;400;1200;S;8;
SJORR;A;SJORR;;;02130;MELNIG;J;Sjöorre;Melanitta nigra;Common Scoter;200;350;500;2000;S;90;
SVÄRT;A;SVÄRT;;;02150;MELFUS;J;Svärta;Melanitta fusca;Velvet Scoter;200;350;500;2000;S;90;
KNIPA;A;KNIPA;;;02180;BUCCLA;J;Knipa;Bucephala clangula;Common Goldeneye;175;300;400;1200;S;90;
SASKR;A;SASKR;;J;02200;MERALB;J;Salskrake;Mergellus albellus;Smew;;;;;S;8;
SMSKR;A;SMSKR;;;02210;MERSER;J;Småskrake;Mergus serrator;Red-breasted Merganser;175;300;600;2000;S;90;
MEMER;A;MEMER;;;02230;MERMER;J;Storskrake;Mergus merganser;Goosander;200;350;800;2500;S;91;
BIVRÅ;A;BIVRÅ;P;J;02310;PERAPI;J;Bivråk;Pernis apivorus;Honey Buzzard;300;500;400;1500;;90;91
ELCAE;A;ELCAE;;J;02350;ELACAE;;Svartvingad glada;Elanus caeruleus;Blackwinged Kite;;;;;;;
BRGLA;A;BRGLA;J;J;02380;MILMIG;J;Brun glada;Milvus migrans;Black Kite;;;;;;90;
GLADA;A;GLADA;J;J;02390;MILMIL;J;Röd glada;Milvus milvus;Red Kite;;;;;;90;
BR*GL;Y;GLBRZ;J;J;0239A;MIGMILA;J;Hybrid: brun glada m * f röd glada;Hybrid: Milvus migrans * Milvus milvus;Hybrid: Black Kite M * F Red Kite;;;;;;;
GL*BR;Y;GLBRZ;J;J;0239B;MIGMILB;J;Hybrid: röd glada m * f brun glada;Hybrid: Milvus milvus * Milvus migrans;Hybrid: Red Kite M * F Black Kite;;;;;;;
GLBRX;X;GLBRZ;J;J;0239X;MIGMILX;J;Hybrid?: röd glada / brun glada;Hybrid?: Milvus milvus / migrans;Hybrid?: Red Kite / Black Kite;;;;;;;
GLBRZ;Z;GLBRZ;J;J;0239Z;MIGMILZ;J;Hybrid: röd glada / brun glada;Hybrid: Milvus milvus / migrans;Hybrid: Red Kite / Black Kite;;;;;;;
HAÖRN;A;HAÖRN;J;J;02430;HALALB;J;Havsörn;Haliaeetus albicilla;White-tailed Eagle;;;;;P;94;99
GÅGAM;A;GÅGAM;;;02510;GYPFUL;;Gåsgam;Gyps fulvus;Eurasian Griffon Vulture;;;;;;;
BRKÄR;A;BRKÄR;P;J;02600;CIRAER;J;Brun kärrhök;Circus aeruginosus;Marsh Harrier;350;500;300;1000;;8;90
BLHÖK;A;BLHÖK;P;J;02610;CIRCYA;J;Blå kärrhök;Circus cyaneus;Hen Harrier;;;;;;7;8
STHÖK;A;STHÖK;P;J;02620;CIRMAC;J;Stäpphök;Circus macrourus;Pallid Harrier;;;;;;6;
ÄNHÖK;A;ÄNHÖK;J;J;02630;CIRPYG;J;Ängshök;Circus pygargus;Montagu´s Harrier;;;;;;7;6
MIGAB;A;MIGAB;;;02660;MICGAB;;Gabarhök;Micronisus gabar;Gabar Goshawk;;;;;;;
DUHÖK;A;DUHÖK;P;;02670;ACCGEN;J;Duvhök;Accipiter gentilis;Goshawk;250;500;500;2000;;90;91
AGGEN;R;DUHÖK;P;;02671;ACCGENG;J;Duvhök;Accipiter gentilis gentilis;Goshawk;;;;;;90;91
AGBUT;R;DUHÖK;P;;02672;ACCGENB;J;Duvhök;Accipiter gentilis buteoides;Goshawk;;;;;;90;91
SPHÖK;A;SPHÖK;;;02690;ACCNIS;J;Sparvhök;Accipiter nisus;Sparrowhawk;150;300;100;400;;5;6
ORVRÅ;A;ORVRÅ;;;02870;BUTBUT;J;Ormvråk;Buteo buteo;Buzzard;300;500;400;1500;;90;
BBUTE;R;ORVRÅ;;;02871;BUTBUTB;J;Ormvråk;Buteo buteo buteo;Buzzard;;;;;;90;
BBVUL;R;ORVRÅ;;;02872;BUTBUTV;J;Ormvråk;Buteo buteo vulpinus;Buzzard;;;;;;90;
FJVRÅ;A;FJVRÅ;P;;02900;BUTLAG;J;Fjällvråk;Buteo lagopus;Rough-legged Buzzard;300;500;400;1500;;91;
MISKR;A;MISKR;P;J;02920;AQUPOM;;Mindre skrikörn;Aquila pomarina;Lesser Spotted Eagle;;;;;;;
AQCLA;A;AQCLA;P;J;02930;AQUCLA;;Större skrikörn;Aquila clanga;Spotted Eagle;;;;;;;
AQRAP;A;AQRAP;P;J;02940;AQURAP;;Savannörn;Aquila rapax;Tawny Eagle;;;;;;;
AQNIP;A;AQNIP;P;J;02942;AQUNIP;J;Stäppörn;Aquila nipalensis;Steppe Eagle;;;;;;;
KUÖRN;A;KUÖRN;J;J;02960;AQUCHR;J;Kungsörn;Aquila chrysaetos;Golden Eagle;;;;;;99;94
FIGJU;A;FIGJU;P;J;03010;PANHAL;J;Fiskgjuse;Pandion haliaetus;Osprey;400;550;500;2000;;92;
TOFAL;A;TOFAL;;J;03040;FALTIN;J;Tornfalk;Falco tinnunculus;Kestrel;200;300;100;400;;7;6
AFFAL;A;AFFAL;P;J;03070;FALVES;J;Aftonfalk;Falco vespertinus;Red-footed Falcon;;;;;;5;
STFAL;A;STFAL;P;J;03090;FALCOL;J;Stenfalk;Falco columbarius;Merlin;150;250;100;300;;6;
LÄFAL;A;LÄFAL;P;J;03100;FALSUB;J;Lärkfalk;Falco subbuteo;Hobby;200;300;100;400;;6;
JAFAL;A;JAFAL;J;J;03180;FALRUS;J;Jaktfalk;Falco rusticolus;Gyr Falcon;;;;;;91;
PIFAL;A;PIFAL;J;J;03200;FALPER;J;Pilgrimsfalk;Falco peregrinus;Peregrine;300;400;500;1500;;90;
JÄRPE;A;JÄRPE;;;03260;BONBON;J;Järpe;Bonasa bonasia;Hazel Grouse;;;;;;7;
DARIP;A;DARIP;;;03290;LAGLAG;J;Dalripa;Lagopus lagopus;Willow Grouse;;;;;;8;
FJRIP;A;FJRIP;;;03300;LAGMUT;J;Fjällripa;Lagopus mutus;Ptarmigan;;;;;;8;
ORRE;A;ORRE;;;03320;TETRIX;J;Orre;Tetrao tetrix;Black Grouse;;;;;;90;8
TJÄDE;A;TJÄDE;;;03350;TETURO;J;Tjäder;Tetrao urogallus;Capercaillie;;;;;;93;92
TJORZ;Z;TJORZ;;;0335Z;UROTETZ;J;Hybrid: tjäder / orre (rackelhane);Hybrid: Tetrao urogallus / tetrix;Hybrid: Capercaillie / Black Grouse;;;;;;93;92
RAHÖN;A;RAHÖN;;;03670;PERPER;J;Rapphöna;Perdix perdix;Partridge;125;200;300;700;;7;
VAKTE;A;VAKTE;;;03700;COTCOT;J;Vaktel;Coturnix coturnix;Quail;;;;;;5;
FASAN;A;FASAN;;;03940;PHACOL;J;Fasan;Phasianus colchicus;Pheasant;;;;;;;
VARAL;A;VARAL;;;04070;RALAQU;J;Vattenrall;Rallus aquaticus;Water Rail;100;150;80;200;;6;5
SMSUM;A;SMSUM;;;04080;PORPOR;J;Småfläckig sumphöna;Porzana porzana;Spotted Crake;100;150;70;150;;5;
MISUM;A;MISUM;;;04100;PORPAR;J;Mindre sumphöna;Porzana parva;Little Crake;;;;;;5;
DVSUM;A;DVSUM;;;04110;PORPUS;;Dvärgsumphöna;Porzana pusilla;Baillon´s Crake;;;;;;5;
KOKNA;A;KOKNA;;;04210;CRECRE;J;Kornknarr;Crex crex;Corncrake;125;200;125;250;;6;
RÖHÖN;A;RÖHÖN;;;04240;GALCHL;J;Rörhöna;Gallinula chloropus;Moorhen;150;250;200;500;S;8;
SOHÖN;A;SOHÖN;;;04290;FULATR;J;Sothöna;Fulica atra;Coot;150;250;300;800;S;90;
TRANA;A;TRANA;;;04330;GRUGRU;J;Trana;Grus grus;Crane;;;;;H;93;
OTTAR;A;OTTAR;;;04460;OTITAR;;Stortrapp;Otis tarda;Great Bustard;;;;;;;
ROBEN;A;ROBEN;;;04490;ROSBEN;;Rallbeckasin;Rostratula benghalensis;Greater Painted Snipe;;;;;;;
HAOST;A;HAOST;;;04500;HAEOST;J;Strandskata;Haematopus ostralegus;Oystercatcher;200;300;300;800;S;8;
SKFLÄ;A;SKFLÄ;;J;04560;RECAVO;J;Skärfläcka;Recurvirostra avosetta;Avocet;200;300;200;500;S;7;6
HÄPIP;A;HÄPIP;;;04580;DROARD;;Hägerpipare;Dromas ardeola;Crab-plover;;;;;;8;
MISTR;A;MISTR;;;04690;CHADUB;J;Mindre strandpipare;Charadrius dubius;Little Ringed Plover;100;150;25;60;S;2;
STSTR;A;STSTR;;;04700;CHAHIA;J;Större strandpipare;Charadrius hiaticula;Ringed Plover;100;160;35;100;S;3;
HIATI;R;STSTR;;;04701;CHAHIAH;J;Större strandpipare;Charadrius hiaticula hiaticula;Ringed Plover;;;;;S;3;
TUNDR;R;STSTR;;;04702;CHAHIAT;J;Större strandpipare;Charadrius hiaticula tundrae;Ringed Plover;;;;;S;3;
CHPEC;A;CHPEC;;;04760;CHAPEC;;Afrikansk strandpipare;Charadrius pecuarius;Kittlitz´s Plover;;;;;;;
SVSTR;A;SVSTR;P;;04770;CHAALE;J;Svartbent strandpipare;Charadrius alexandrinus;Kentish Plover;;;;;S;3;
CHMON;A;CHMON;;;04780;CHAMON;;Mongolpipare;Charadrius mongolus;Lesser Sand Plover;;;;;;3;
ÖKPIP;A;ÖKPIP;;;04790;CHALES;;Ökenpipare;Charadrius leschenaultii;Greater Sand Plover;;;;;;4;
FJPIP;A;FJPIP;;;04820;CHAMOR;J;Fjällpipare;Charadrius morinellus;Dotterel;;;;;S;4;
AMTUN;A;AMTUN;;;04840;PLUDOM;;Amerikansk tundrapipare;Pluvialis dominica;American Golden Plover;;;;;;;
SITUN;A;SITUN;;;04842;PLUFUL;;Sibirisk tundrapipare;Pluvialis fulva;Pacific Golden Plover;;;;;;;
LJPIP;A;LJPIP;;;04850;PLUAPR;J;Ljungpipare;Pluvialis apricaria;Golden Plover;;;;;S;5;
PAAPR;R;LJPIP;;;04851;PLUAPRA;J;Ljungpipare;Pluvialis apricaria apricaria;Golden Plover;;;;;S;5;
PAALT;R;LJPIP;;;04852;PLUAPRS;J;Ljungpipare;Pluvialis apricaria altifrons;Golden Plover;;;;;S;5;
KUPIP;A;KUPIP;;;04860;PLUSQU;J;Kustpipare;Pluvialis squatarola;Grey Plover;;;;;S;5;
VASPI;A;VASPI;;;04870;HOPSPI;;Sporrvipa;Hoplopterus spinosus;Spur-winged Lapwing;;;;;;;
TOVIP;A;TOVIP;;;04930;VANVAN;J;Tofsvipa;Vanellus vanellus;Lapwing;175;275;140;300;S;6;
KOSNÄ;A;KOSNÄ;;;04950;CALTEN;;Kolymasnäppa;Calidris tenuirostris;Great Knot;;;;;;5;
KUSNÄ;A;KUSNÄ;;;04960;CALCAN;J;Kustsnäppa;Calidris canutus;Knot;140;200;80;200;S;4;
SALÖP;A;SALÖP;;;04970;CALALB;J;Sandlöpare;Calidris alba;Sanderling;;;;;S;3;
CARUF;A;CARUF;;;05000;CALLIS;J;Rödhalsad snäppa;Calidris ruficollis;Red-necked Stint;;;;;;;
SMSNÄ;A;SMSNÄ;;;05010;CALUTA;J;Småsnäppa;Calidris minuta;Little Stint;80;125;15;50;S;2;
MOSNÄ;A;MOSNÄ;;;05020;CALTEM;J;Mosnäppa;Calidris temminckii;Temminck´s Stint;75;120;15;50;S;2;
LÅSNÄ;A;LÅSNÄ;;;05030;CALSUB;J;Långtåsnäppa;Calidris subminuta;Long-toed Stint;;;;;;;
VISNÄ;A;VISNÄ;;;05050;CALFUS;J;Vitgumpsnäppa;Calidris fuscicollis;White-rumped Sandpiper;;;;;;;
TUSNÄ;A;TUSNÄ;;;05070;CALMEL;J;Tuvsnäppa;Calidris melanotos;Pectoral Sandpiper;;;;;;;
SPSNÄ;A;SPSNÄ;;;05090;CALFER;J;Spovsnäppa;Calidris ferruginea;Curlew Sandpiper;110;160;35;100;S;3;
CAMAR;A;CAMAR;;;05100;CALMAR;J;Skärsnäppa;Calidris maritima;Purple Sandpiper;110;160;45;125;S;4;
KÄSNÄ;A;KÄSNÄ;;;05120;CALALP;J;Kärrsnäppa;Calidris alpina;Dunlin;100;150;30;100;S;3;
CAALP;R;KÄSNÄ;;;05121;CALALPA;J;Kärrsnäppa;Calidris alpina alpina;Dunlin;100;150;30;100;S;3;
CAARC;R;KÄSNÄ;;;05122;CALALPT;J;Kärrsnäppa;Calidris alpina arctica;Dunlin;;;;;S;3;
CASCH;R;KÄSNÄ;;;05123;CALALPS;J;Kärrsnäppa;Calidris alpina schinzii;Dunlin;100;150;30;100;S;3;
CACEN;R;KÄSNÄ;;;05125;CALALPC;J;Kärrsnäppa;Calidris alpina centralis;Dunlin;;;;;S;3;
SPKÄX;X;SPKÄZ;;;0512X;FERALPX;;Hybrid?: spovsnäppa / kärrsnäppa;Hybrid?: Calidris ferruginea / alpina;Hybrid?: Curlew Sandpiper / Dunlin;;;;;;;
SPKÄZ;Z;SPKÄZ;;;0512Z;FERALPZ;;Hybrid: spovsnäppa / kärrsnäppa;Hybrid: Calidris ferruginea / alpina;Hybrid: Curlew Sandpiper / Dunlin;;;;;;;
MYSNÄ;A;MYSNÄ;;;05140;LIMFAL;J;Myrsnäppa;Limicola falcinellus;Broad-billed Sandpiper;90;130;25;60;S;3;
PRLÖP;A;PRLÖP;;;05160;TRYSUB;J;Prärielöpare;Tryngites subruficollis;Buff-breasted Sandpiper;;;;;;;
BRHAN;A;BRHAN;;;05170;PHIPUG;J;Brushane;Philomachus pugnax;Ruff / Reeve;140;210;70;250;S;6;5
LYMIN;A;LYMIN;;;05180;LYMMIN;J;Dvärgbeckasin;Lymnocryptes minimus;Jack Snipe;100;150;35;100;S;4;
ENBEC;A;ENBEC;;;05190;GALGAL;J;Enkelbeckasin;Gallinago gallinago;Snipe;110;160;65;150;S;4;
GAMED;A;GAMED;;;05200;GALMED;J;Dubbelbeckasin;Gallinago media;Great Snipe;130;170;120;250;S;5;
STBEC;A;STBEC;;;05270;LIMSCO;;Större beckasinsnäppa;Limnodromus scolopaceus;Long-billed Dowitcher;;;;;S;4;
MOKUL;A;MOKUL;;;05290;SCORUS;J;Morkulla;Scolopax rusticola;Woodcock;170;230;200;450;S;6;
RÖSPO;A;RÖSPO;;;05320;LIMLIM;J;Rödspov;Limosa limosa;Black-tailed Godwit;;;;;S;7;
LLLIM;R;RÖSPO;;;05321;LIMLIML;J;Rödspov;Limosa limosa limosa;Black-tailed Godwit;;;;;S;7;
LLISL;R;RÖSPO;;;05322;LIMLIMI;J;Rödspov;Limosa limosa islandica;Black-tailed Godwit;;;;;S;7;
MYSPO;A;MYSPO;;;05340;LIMLAP;J;Myrspov;Limosa lapponica;Bar-tailed Godwit;;;;;S;6;
SMSPO;A;SMSPO;;;05380;NUMPHA;J;Småspov;Numenius phaeopus;Whimbrel;;;;;S;7;
STSPO;A;STSPO;;;05410;NUMARQ;J;Storspov;Numenius arquata;Curlew;270;350;400;1000;S;8;
SVSNÄ;A;SVSNÄ;;;05450;TRIERY;J;Svartsnäppa;Tringa erythropus;Spotted Redshank;150;200;100;220;S;5;
RÖBEN;A;RÖBEN;;;05460;TRITOT;J;Rödbena;Tringa totanus;Redshank;130;200;70;200;S;5;4
TTTOT;R;RÖBEN;;;05461;TRITOTT;J;Rödbena;Tringa totanus totanus;Redshank;;;;;S;5;4
TTROB;R;RÖBEN;;;05462;TRITOTR;J;Rödbena;Tringa totanus robusta;Redshank;130;200;70;200;S;5;4
DASNÄ;A;DASNÄ;;;05470;TRISTA;J;Dammsnäppa;Tringa stagnatilis;Marsh Sandpiper;;;;;;;
GLSNÄ;A;GLSNÄ;;;05480;TRINEB;J;Gluttsnäppa;Tringa nebularia;Greenshank;150;220;100;280;S;6;
TROCH;A;TROCH;;;05530;TRIOCH;J;Skogssnäppa;Tringa ochropus;Green Sandpiper;120;160;50;120;S;4;
GRBEN;A;GRBEN;;;05540;TRIGLA;J;Grönbena;Tringa glareola;Wood Sandpiper;100;160;35;100;S;4;
TESNÄ;A;TESNÄ;;;05550;XENCIN;J;Tereksnäppa;Xenus cinereus;Terek Sandpiper;;;;;;;
DRSNÄ;A;DRSNÄ;;;05560;ACTHYP;J;Drillsnäppa;Actitis hypoleucos;Common Sandpiper;90;130;30;90;S;3;
ROKAR;A;ROKAR;;;05610;AREINT;J;Roskarl;Arenaria interpres;Turnstone;130;180;75;200;S;4;
SMSIM;A;SMSIM;;;05640;PHALOB;J;Smalnäbbad simsnäppa;Phalaropus lobatus;Red-necked Phalarope;90;125;25;60;S;3;
BRSIM;A;BRSIM;;;05650;PHAFUL;J;Brednäbbad simsnäppa;Phalaropus fulicarius;Grey Phalarope;;;;;;;
BRLAB;A;BRLAB;;;05660;STEPOM;J;Bredstjärtad labb;Stercorarius pomarinus;Pomarine Skua;;;;;;;
LABB;A;LABB;;;05670;STECUS;J;Kustlabb;Stercorarius parasiticus;Arctic Skua;;;;;S;7;
FJLAB;A;FJLAB;;;05680;STELON;J;Fjällabb;Stercorarius longicaudus;Long-tailed Skua;;;;;S;6;
STLAB;A;STLAB;;;05690;STESKU;J;Storlabb;Stercorarius skua;Great Skua;;;;;;;
SOMÅS;A;SOMÅS;;;05710;LARHEM;;Sotmås;Larus hemprichii;Sooty Gull;;;;;;8;
SVTRU;A;SVTRU;;;05730;LARICH;;Svarthuvad trut;Larus ichthyaetus;Pallas´s Gull;;;;;;91;
SVMÅS;A;SVMÅS;;;05750;LARMEL;J;Svarthuvad mås;Larus melanocephalus;Mediterranean Gull;;;;;;;
LMLRZ;Z;LMLRZ;;;0575Z;MELRIDZ;;Hybrid: svarthuvad mås / skrattmås;Hybrid: Larus melanocephalus/ridibundus;Hybrid: Mediterr.Gull/Black-headed Gull;;;;;;;
DVMÅS;A;DVMÅS;;;05780;LARMIN;J;Dvärgmås;Larus minutus;Little Gull;;;;;S;4;
TÄMÅS;A;TÄMÅS;;;05790;LARSAB;;Tärnmås;Larus sabini;Sabine´s Gull;;;;;S;4;
SKMÅS;A;SKMÅS;;;05820;LARRID;J;Skrattmås;Larus ridibundus;Black-headed Gull;250;350;150;350;S;6;
LÅMÅS;A;LÅMÅS;;;05850;LARGEN;;Långnäbbad mås;Larus genei;Slender-billed Gull;;;;;;6;
FIMÅS;A;FIMÅS;;;05900;LARCAN;J;Fiskmås;Larus canus;Common Gull;275;400;250;600;S;7;
SITRU;A;SITRU;;;05910;LARFUS;J;Silltrut;Larus fuscus;Lesser Black-backed Gull;350;500;500;1200;S;8;
LFFUS;R;SITRU;;;05911;LARFUSF;J;Silltrut;Larus fuscus fuscus;Lesser Black-backed Gull;;;;;S;8;
LFGRA;R;SITRU;;;05912;LARFUSG;J;Silltrut;Larus fuscus graellsii;Lesser Black-backed Gull;;;;;S;8;
LFINT;R;SITRU;;;05913;LARFUSI;J;Silltrut;Larus fuscus intermedius;Lesser Black-backed Gull;;;;;S;8;
GRTRU;A;GRTRU;;;05920;LARARG;J;Gråtrut;Larus argentatus;Herring Gull;350;500;500;1600;S;90;
LATAT;R;GRTRU;;;05921;LARARGA;J;Gråtrut;Larus argentatus argentatus;Herring Gull;;;;;S;90;
LAHEU;R;GRTRU;;;05922;LARARGH;J;Gråtrut;Larus argentatus heuglini;Herring Gull;;;;;S;90;
LAMIC;A;LAMIC;;;05926;LARMIC;;Medelhavstrut;Larus michahellis;Yellow-legged Gull;;;;;S;90;
LACAC;A;LACAC;;;05927;LARCAC;J;Kaspisk trut;Larus cachinnans;Caspian Gull;;;;;S;90;
LATEU;R;GRTRU;;;05928;LARARGE;J;Gråtrut;Larus argentatus argenteus;Herring Gull;;;;;S;90;
LAGLA;A;LAGLA;;;05980;LARGLA;;Vitvingad trut;Larus glaucoides;Iceland Gull;;;;;;;
LAHYP;A;LAHYP;;;05990;LARHYP;J;Vittrut;Larus hyperboreus;Glaucous Gull;;;;;;;
HATRU;A;HATRU;;;06000;LARMAR;J;Havstrut;Larus marinus;Great Black-backed Gull;430;550;800;2200;S;91;
ROMÅS;A;ROMÅS;;;06010;RHOROS;;Rosenmås;Rhodostethia rosea;Ross´s Gull;;;;;S;4;
TRMÅS;A;TRMÅS;;;06020;RISTRI;J;Tretåig mås;Rissa tridactyla;Kittiwake;;;;;S;6;
ISMÅS;A;ISMÅS;;;06040;PAGEBU;J;Ismås;Pagophila eburnea;Ivory Gull;;;;;;;
SATÄR;A;SATÄR;;;06050;GELNIL;;Sandtärna;Gelochelidon nilotica;Gull-billed Tern;;;;;;;
SKTÄR;A;SKTÄR;;J;06060;STECAS;J;Skräntärna;Sterna caspia;Caspian Tern;;;;;S;7;
TOTÄR;A;TOTÄR;;;06080;STEBER;;Tofstärna;Sterna bergii;Greater Crested Tern;;;;;S;6;
ILTÄR;A;ILTÄR;;;06090;STEBEN;;Iltärna;Sterna bengalensis;Lesser Crested Tern;230;350;160;300;S;5;
KETÄR;A;KETÄR;;;06110;STESAN;J;Kentsk tärna;Sterna sandvicensis;Sandwich Tern;230;350;160;300;S;5;
ROTÄR;A;ROTÄR;;;06140;STEDOU;;Rosentärna;Sterna dougallii;Roseate Tern;;;;;S;4;
FITÄR;A;FITÄR;;;06150;STEHIR;J;Fisktärna;Sterna hirundo;Common Tern;230;320;90;170;S;4;
SITÄR;A;SITÄR;;;06160;STEAEA;J;Silvertärna;Sterna paradisaea;Arctic Tern;230;320;80;160;S;4;
STREP;A;STREP;;;06200;STEREP;;Vitkindad tärna;Sterna repressa;White-cheeked Tern;;;;;S;3;
TYTÄR;A;TYTÄR;;;06220;STEANA;;Tygeltärna;Sterna anaethetus;Bridled Tern;;;;;S;4;
SMTÄR;A;SMTÄR;;;06240;STEALB;J;Småtärna;Sterna albifrons;Little Tern;150;200;40;80;S;3;
PETÄR;A;PETÄR;;;06250;STESAU;;Persisk småtärna;Sterna saundersi;Saunders´s Tern;;;;;S;3;
CHHYB;A;CHHYB;;;06260;CHLHYB;;Skäggtärna;Chlidonias hybridus;Whiskered Tern;;;;;;;
SVTÄR;A;SVTÄR;;J;06270;CHLNIG;J;Svarttärna;Chlidonias niger;Black Tern;180;250;50;100;L;3;
VITÄR;A;VITÄR;;;06280;CHLLEU;J;Vitvingad tärna;Chlidonias leucopterus;White-winged Black Tern;;;;;;;
SIGRI;A;SIGRI;;;06340;URIAAL;J;Sillgrissla;Uria aalge;Guillemot;170;225;500;1200;S;GRI;90
URLOM;A;URLOM;;;06350;URILOM;;Spetsbergsgrissla;Uria lomvia;Bruennich´s Guillemot;170;225;500;1200;;;
TOMUL;A;TOMUL;;;06360;ALCTOR;J;Tordmule;Alca torda;Razorbill;170;225;500;1200;S;8;
TOGRI;A;TOGRI;;;06380;CEPGRY;J;Tobisgrissla;Cepphus grylle;Black Guillemot;150;200;300;600;S;7;6
ALKUN;A;ALKUN;;;06470;ALLALL;J;Alkekung;Alle alle;Little Auk;;;;;;;
LUFÅG;A;LUFÅG;;J;06540;FRAARC;J;Lunnefågel;Fratercula arctica;Puffin;;;;;;;
SKDUV;A;SKDUV;;;06680;COLOEN;J;Skogsduva;Columba oenas;Stock Dove;;;;;;7;
RIDUV;A;RIDUV;;;06700;COLPAL;J;Ringduva;Columba palumbus;Wood Pigeon;200;300;250;700;;8;
STROS;A;STROS;;;06830;STRROS;;Skrattduva;Streptopelia roseogrisea;African Collared Dove;;;;;;;
RKDUV;A;RKDUV;;;06840;STRDEC;J;Turkduva;Streptopelia decaocto;Collared Dove;150;200;150;250;;7;
RTURD;A;RTURD;;;06870;STRTUR;J;Turturduva;Streptopelia turtur;Turtle Dove;;;;;L;6;
ORTUR;A;ORTUR;;;06890;STRORI;;Större turturduva;Streptopelia orientalis;Eastern Turtle Dove;;;;;;;
PADUV;A;PADUV;;;06900;STRSEN;;Palmduva;Streptopelia senegalensis;Laughing Dove;;;;;;;
OECAP;A;OECAP;;;06920;OENCAP;;Spetsstjärtad duva;Oena capensis;Long-tailed Dove;;;;;;;
CHCAP;A;CHCAP;;;07200;CHRCAP;;Didrikgök;Chrysococcyx caprius;Didric Cuckoo;;;;;;;
GÖK;A;GÖK;;;07240;CUCCAN;J;Gök;Cuculus canorus;Cuckoo;180;250;60;175;;5;
CESEN;A;CESEN;;;07340;CENSEN;;Senegalsporrgök;Centropus senegalensis;Senegal Coucal;;;;;;;
TOUGG;A;TOUGG;J;J;07350;TYTALB;J;Tornuggla;Tyto alba;Barn Owl;;;;;;8;
OTSCO;A;OTSCO;;;07390;OTUSCO;J;Dvärguv;Otus scops;Scops Owl;;;;;;;
BEUV;A;BEUV;J;J;07440;BUBBUB;J;Berguv;Bubo bubo;Eagle Owl;375;525;1000;5000;P;94;
FJUGG;A;FJUGG;J;J;07490;NYCSCA;J;Fjälluggla;Nyctea scandiaca;Snowy Owl;;;;;;93;
SUULU;A;SUULU;;J;07500;SURULU;J;Hökuggla;Surnia ulula;Hawk Owl;200;275;250;400;;90;91
SPUGG;A;SPUGG;;;07510;GLAPAS;J;Sparvuggla;Glaucidium passerinum;Pygmy Owl;80;125;45;110;L;6;
MIUGG;A;MIUGG;;;07570;ATHNOC;J;Minervauggla;Athene noctua;Little Owl;;;;;;;
KAUGG;A;KAUGG;;;07610;STRALU;J;Kattuggla;Strix aluco;Tawny Owl;250;350;300;800;;90;
SLUGG;A;SLUGG;P;J;07650;STRURA;J;Slaguggla;Strix uralensis;Ural Owl;300;400;500;1200;;92;91
LAUGG;A;LAUGG;J;J;07660;STRNEB;J;Lappuggla;Strix nebulosa;Great Grey Owl;;;;;;92;
ASOTU;A;ASOTU;;;07670;ASIOTU;J;Hornuggla;Asio otus;Long-eared Owl;250;350;200;400;;8;
JOUGG;A;JOUGG;;;07680;ASIFLA;J;Jorduggla;Asio flammeus;Short-eared Owl;275;375;250;450;;8;
PÄUGG;A;PÄUGG;;;07700;AEGFUN;J;Pärluggla;Aegolius funereus;Tengmalm´s Owl;140;200;90;225;L;7;
NASKÄ;A;NASKÄ;;;07780;CAPEUR;J;Nattskärra;Caprimulgus europaeus;Nightjar;180;210;50;100;;4;
TOSEG;A;TOSEG;;;07950;APUAPU;J;Tornseglare;Apus apus;Swift;150;185;28;55;L;3;
BLTOR;A;BLTOR;;;07960;APUPAL;;Blek tornseglare;Apus pallidus;Pallid Swift;150;185;28;55;L;3;
KUFIS;A;KUFIS;P;J;08310;ALCATT;J;Kungsfiskare;Alcedo atthis;Kingfisher;75;90;30;60;L;3;
MEALB;A;MEALB;;;08370;MERCOL;;Vitstrupig biätare;Merops albicollis;White-throated Bee-eater;;;;;;;
MEPER;A;MESUP;;;08390;MERPER;;Grön biätare;Merops persicus;Blue-cheeked Bee-eater;;;;;;;
BIÄTA;A;BIÄTA;P;;08400;MERAPI;J;Biätare;Merops apiaster;Bee-eater;;;;;;;
BLKRÅ;A;BLKRÅ;P;J;08410;CORGAR;J;Blåkråka;Coracias garrulus;Roller;;;;;;;
COABY;A;COABY;;;08420;CORABY;;Savannblåkråka;Coracias abyssinica;Abyssinian Roller;;;;;;;
HÄFÅG;A;HÄFÅG;P;J;08460;UPUEPO;J;Härfågel;Upupa epops;Hoopoe;;;;;;4;
GÖTYT;A;GÖTYT;;;08480;JYNTOR;J;Göktyta;Jynx torquilla;Wryneck;75;100;24;55;;3;
GRSPE;A;GRSPE;P;J;08550;PICCAN;J;Gråspett;Picus canus;Grey-headed Woodpecker;140;160;110;160;;4;
GRGÖL;A;GRGÖL;;;08560;PICVIR;J;Gröngöling;Picus viridis;Green Woodpecker;155;180;170;250;;5;
SPKRÅ;A;SPKRÅ;;;08630;DRYMAR;J;Spillkråka;Dryocopus martius;Black Woodpecker;220;260;275;375;;6;
STHAC;A;STHAC;;;08760;DENMAJ;J;Större hackspett;Dendrocopos major;Great Spotted Woodpecker;125;150;65;125;;4;
MESPE;A;MESPE;;J;08830;DENMED;J;Mellanspett;Dendrocopos medius;Middle Spotted Woodpecker;;;;;;4;
VIHAC;A;VIHAC;J;J;08840;DENLEU;J;Vitryggig hackspett;Dendrocopos leucotos;White-backed Woodpecker;;;;;;4;
VISTZ;Z;VISTZ;;;0884Z;LEUMAJZ;J;Hybrid: vitryggig / större hackspett;Hybrid: Dendrocopus leucotos / major;Hybrid:White-backed/Great Spotted Woodp.;;;;;;;
MIHAC;A;MIHAC;;;08870;DENMIN;J;Mindre hackspett;Dendrocopos minor;Lesser Spotted Woodpecker;85;105;17;32;;2;
TRHAC;A;TRHAC;P;;08980;PICTRI;J;Tretåig hackspett;Picoides tridactylus;Three-toed Woodpecker;115;140;50;90;;4;
MICAN;A;MICAN;;;09520;MIRCAN;;Sångbusklärka;Mirafra cantillans;Singing Bush-lark;;;;;;;
ASKAL;A;ASKAL;;;09620;MELBIM;;Asiatisk kalanderlärka;Melanocorypha bimaculata;Bimaculated Lark;;;;;;;
KOLÄR;A;KOLÄR;;;09680;CALBRA;J;Korttålärka;Calandrella brachydactyla;Short-toed Lark;;;;;;;
TOLÄR;A;TOLÄR;;;09720;GALCRI;J;Tofslärka;Galerida cristata;Crested Lark;;;;;;3;
TRLÄR;A;TRLÄR;;;09740;LULARB;J;Trädlärka;Lullula arborea;Wood Lark;85;110;20;45;;1,5;
SÅLÄR;A;SÅLÄR;;;09760;ALAARV;J;Sånglärka;Alauda arvensis;Skylark;95;120;25;50;;2;
BELÄR;A;BELÄR;;;09780;EREALP;J;Berglärka;Eremophila alpestris;Shore Lark;;;;;;2;
BASVA;A;BASVA;;;09810;RIPRIP;J;Backsvala;Riparia riparia;Sand Martin;95;120;10;20;;1;
LASVA;A;LASVA;;;09920;HIRRUS;J;Ladusvala;Hirundo rustica;Swallow;110;135;13;30;;1;
HISMI;A;HISMI;;;09940;HIRSMI;;Trådstjärtsvala;Hirundo smithii;Wiretailed Swallow;;;;;;;
ROSVA;A;ROSVA;;;09950;HIRDAU;J;Rostgumpsvala;Hirundo daurica;Red-rumped Swallow;;;;;;1;
HUSVA;A;HUSVA;;;10010;DELURB;J;Hussvala;Delichon urbica;House Martin;100;125;11;30;;1;
HU*LA;Y;HULAZ;;;1001A;URBRUSA;J;Hybrid: hussvala m * f ladusvala;Hybrid:Delichon urbica * Hirundo rustica;Hybrid: House Martin M * F Swallow;;;;;;;
LA*HU;Y;HULAZ;;;1001B;URBRUSB;J;Hybrid: ladusvala m * f hussvala;Hybrid:Hirundo rustica * Delichon urbica;Hybrid: Swallow M * F House Martin;;;;;;;
LAHUB;Y;HULAZ;;;1001S;URBRUSS;J;Hybrid: ladusvala / hussvala;Hybrid: Hirundo rustica/Delichon urbica;Hybrid: Swallow / House Martin;;;;;;;
LABHU;Y;HULAZ;;;1001T;URBRUST;J;Hybrid: ladusvala / hussvala;Hybrid: Hirundo rustica/Delichon urbica;Hybrid: Swallow / House Martin;;;;;;;
HULAB;Y;HULAZ;;;1001U;URBRUSU;J;Hybrid: hussvala / ladusvala;Hybrid: Delichon urbica/Hirundo rustica;Hybrid: House Martin / Swallow;;;;;;;
HUBLA;Y;HULAZ;;;1001V;URBRUSV;J;Hybrid: hussvala / ladusvala;Hybrid: Delichon urbica/Hirundo rustica;Hybrid: House Martin / Swallow;;;;;;;
HULAX;X;HULAZ;;;1001X;URBRUSX;J;Hybrid? hussvala / ladusvala;Hybrid?: Delichon urbica/Hirundo rustica;Hybrid?: House Martin / Swallow;;;;;;;
HULAY;Y;HULAZ;;;1001Y;URBRUSY;J;Hybrid: hussvala / ladusvala;Hybrid: Delichon urbica/Hirundo rustica;Hybrid: House Martin / Swallow;;;;;;;
HULAZ;Z;HULAZ;;;1001Z;URBRUSZ;J;Hybrid: hussvala / ladusvala;Hybrid: Delichon urbica/Hirundo rustica;Hybrid: House Martin / Swallow;;;;;;;
STPIP;A;STPIP;;;10020;ANTRIC;J;Större piplärka;Anthus richardi;Richard´s Pipit;;;;;;;
ANGOD;A;ANGOD;;;10040;ANTGOD;J;Mongolpiplärka;Anthus godlewskii;Blyth´s Pipit;;;;;;;
FÄPIP;A;FÄPIP;;;10050;ANTCAM;J;Fältpiplärka;Anthus campestris;Tawny Pipit;;;;;;2;
SIPIP;A;SIPIP;;;10080;ANTHOD;J;Sibirisk piplärka;Anthus hodgsoni;Olive-backed Pipit;;;;;;;
TRPIP;A;TRPIP;;;10090;ANTTRI;J;Trädpiplärka;Anthus trivialis;Tree Pipit;77;100;14;30;;1,5;2
ANGUS;A;ANGUS;;;10100;ANTGUS;J;Tundrapiplärka;Anthus gustavi;Petchora Pipit;;;;;;;
ÄNPIP;A;ÄNPIP;;;10110;ANTPRA;J;Ängspiplärka;Anthus pratensis;Meadow Pipit;70;92;11;25;;1;
RÖPIP;A;RÖPIP;;;10120;ANTCER;J;Rödstrupig piplärka;Anthus cervinus;Red-throated Pipit;77;98;15;30;;1;
SKPIP;A;SKPIP;;;10140;ANTPET;J;Skärpiplärka;Anthus petrosus;Rock Pipit;77;98;15;30;;1;
VAPIP;A;VAPIP;;;10141;ANTSPI;J;Vattenpiplärka;Anthus spinoletta;Water Pipit;;;;;;1;
HEPIP;A;HEPIP;;;10144;ANTRUB;J;Hedpiplärka;Anthus rubescens;Buff-bellied Pipit;;;;;;1;
GUÄRL;A;GUÄRL;;;10170;MOTFLA;J;Gulärla;Motacilla flava;Yellow Wagtail;70;92;11;25;;1;1,5
MFAVA;R;GUÄRL;;;10171;MOTFLAF;J;Gulärla;Motacilla flava flava;Yellow Wagtail;70;92;11;25;;1;1,5
MFISS;R;GUÄRL;;;10172;MOTFLAS;J;Gulärla;Motacilla flava flavissima;Yellow Wagtail;;;;;;1;1,5
MFTHU;R;GUÄRL;;;10173;MOTFLAT;J;Gulärla;Motacilla flava thunbergi;Yellow Wagtail;70;92;11;25;;1;1,5
MFFEL;R;GUÄRL;;;10174;MOTFLAG;J;Gulärla;Motacilla flava feldegg;Yellow Wagtail;;;;;;1;1,5
CI*GU;Y;CIGUZ;;;1017A;CITFLAA;J;Hybrid: citronärla m * f gulärla;Hybrid: Motacilla citreola * flava;Hybr:Yellow-headed M * F Yellow Wagtail;;;;;;;
CIGUX;X;CIGUZ;;;1017X;CITFLAX;J;Hybrid?: citronärla / gulärla;Hybrid?: Motacilla citreola / flava;Hybrid?: Yellow-headed / Yellow Wagtail;;;;;;;
CIGUZ;Z;CIGUZ;;;1017Z;CITFLAZ;J;Hybrid: citronärla / gulärla;Hybrid: Motacilla citreola / flava;Hybrid: Yellow-headed / Yellow Wagtail;;;;;;;
CIÄRL;A;CIÄRL;;;10180;MOTCIT;J;Citronärla;Motacilla citreola;Yellow-headed Wagtail;;;;;;;
FOÄRL;A;FOÄRL;;;10190;MOTCIN;J;Forsärla;Motacilla cinerea;Grey Wagtail;77;95;14;30;;1,5;
SÄÄRL;A;SÄÄRL;;;10200;MOTALB;J;Sädesärla;Motacilla alba;White Wagtail;77;97;14;30;;1,5;
MAALB;R;SÄÄRL;;;10201;MOTALBA;J;Sädesärla;Motacilla alba alba;White Wagtail;77;97;14;30;;1,5;
MAYAR;R;SÄÄRL;;;10202;MOTALBY;J;Sädesärla;Motacilla alba yarellii;White Wagtail;;;;;;1,5;
PYLEU;A;PYLEU;;;10352;PYCLEU;;Vitörad bulbyl;Pycnonotus leucotis;White-cheeked Bulbul;;;;;;;
PYCAF;A;PYCAF;;;10355;PYCCAF;;Rödgumpad bulbyl;Pycnonotus cafer;Red-vented Bulbul;;;;;;;
PYBAR;A;PYBAR;;;10370;PYCBAR;;Trädgårdsbulbyl;Pycnonotus barbatus;Common Bulbul;;;;;;;
SISVA;A;SISVA;;;10480;BOMGAR;J;Sidensvans;Bombycilla garrulus;Waxwing;105;125;40;75;;3;3,5
STSTA;A;STSTA;;;10500;CINCIN;J;Strömstare;Cinclus cinclus;Dipper;85;105;45;90;;3,5;
GÄSMY;A;GÄSMY;;;10660;TROTRO;J;Gärdsmyg;Troglodytes troglodytes;Wren;40;58;7;14;;1;
JÄSPA;A;JÄSPA;;;10840;PRUMOD;J;Järnsparv;Prunella modularis;Dunnock;63;80;13;27;;1,5;1
SIJÄR;A;SIJÄR;;;10860;PRUMON;J;Sibirisk järnsparv;Prunella montanella;Mountain Accentor;;;;;;;
PRATR;A;PRATR;;;10900;PRUATR;J;Svartstrupig järnsparv;Prunella atrogularis;Black-throated Accentor;;;;;;;
ALJÄR;A;ALJÄR;;;10940;PRUCOL;J;Alpjärnsparv;Prunella collaris;Alpine Accentor;;;;;;;
CEGAL;A;CEGAL;;;10950;CERGAL;;Trädnäktergal;Cercotrichas galactotes;Rufous-tailed Scrub Robin;;;;;;;
CEPOD;A;CEPOD;;;10960;CERPOD;;Svart trädnäktergal;Cercotrichas podobe;Black Scrub Robin;;;;;;;
RÖHAK;A;RÖHAK;;;10990;ERIRUB;J;Rödhake;Erithacus rubecula;Robin;65;80;10;25;;1;
NÄGAL;A;NÄGAL;;;11030;LUSLUS;J;Näktergal;Luscinia luscinia;Thrush Nightingale;80;98;17;35;;2;
SYNÄK;A;SYNÄK;;;11040;LUSMEG;J;Sydnäktergal;Luscinia megarhynchos;Nightingale;;;;;;2;
BLHAK;A;BLHAK;;;11060;LUSSVE;J;Blåhake;Luscinia svecica;Bluethroat;67;85;12;25;;1,5;
LSSVE;R;BLHAK;;;11061;LUSSVES;J;Blåhake;Luscinia svecica svecica;Bluethroat;67;85;12;25;;1,5;
LSCYA;R;BLHAK;;;11062;LUSSVEC;J;Blåhake;Luscinia svecica cyanecula;Bluethroat;;;;;;1,5;
BLSTJ;A;BLSTJ;;;11130;TARCYA;J;Blåstjärt;Tarsiger cyanurus;Red-flanked Bluetail;;;;;;1;
VINÄK;A;VINÄK;;;11170;IRAGUT;J;Vitstrupig näktergal;Irania gutturalis;White-throated Robin;;;;;;;
SVRÖD;A;SVRÖD;;;11210;PHOOCH;J;Svart rödstjärt;Phoenicurus ochruros;Black Redstart;77;90;12;22;;1;
RÖSVZ;Z;RÖSVZ;;;1121Z;OCHPHOZ;J;Hybrid: rödstjärt / svart rödstjärt;Hybrid: Phoenic. phoenicurus / ochruros;Hybrid: Redstart / Black Redstart;;;;;;1;
RÖSTJ;A;RÖSTJ;;;11220;PHOPHO;J;Rödstjärt;Phoenicurus phoenicurus;Redstart;72;89;11;21;;1;
BUSKV;A;BUSKV;;;11370;SAXRUB;J;Buskskvätta;Saxicola rubetra;Whinchat;65;88;11;22;;1;
SVBUS;A;SVBUS;;;11390;SAXTOR;J;Svarthakad buskskvätta;Saxicola torquata;Stonechat;;;;;;1;
STSTE;R;SVBUS;;;11392;SAXTORS;J;Svarthakad buskskvätta;Saxicola torquata stejnegeri;Stonechat;;;;;;1;
STMAU;R;SVBUS;;;11394;SAXTORM;J;Svarthakad buskskvätta;Saxicola torquata maura;Stonechat;;;;;;1;
STHIB;R;SVBUS;;;11397;SAXTORH;J;Svarthakad buskskvätta;Saxicola torquata hibernans;Stonechat;;;;;;1;
STRUB;R;SVBUS;;;11398;SAXTORR;J;Svarthakad buskskvätta;Saxicola torquata rubicola;Stonechat;;;;;;1;
ÖSTSB;R;SVBUS;;;11399;MAUSTEX;J;Svarthakad buskskvätta;Saxicola torquata (maura $ stejn?);Stonechat;;;;;;1;
OEISA;A;OEISA;;;11440;OENISA;;Isabellastenskvätta;Oenanthe isabellina;Isabelline Wheatear;;;;;;;
STSKV;A;STSKV;;;11460;OENOEN;J;Stenskvätta;Oenanthe oenanthe;Wheatear;85;110;17;35;;1,5;2
OOOEN;R;STSKV;;;11461;OENOENO;J;Stenskvätta;Oenanthe oenanthe oenanthe;Wheatear;;;;;;1,5;2
OOLEU;R;STSKV;;;11462;OENOENL;J;Stenskvätta;Oenanthe oenanthe leucorrhoa;Wheatear;;;;;;1,5;2
OEPLE;A;OEPLE;;;11470;OENPLE;J;Nunnestenskvätta;Oenanthe pleschanka;Pied Wheatear;;;;;;;
OEHIS;A;OEHIS;;;11480;OENHIS;J;Medelhavsstenskvätta;Oenanthe hispanica;Black-eared Wheatear;;;;;;;
OHHIS;R;OEHIS;;;11481;OENHISH;J;Medelhavsstenskvätta;Oenanthe hispanica hispanica;Black-eared Wheatear;;;;;;;
OHMEL;R;OEHIS;;;11482;OENHISM;J;Medelhavsstenskvätta;Oenanthe hispanica melanoleuca;Black-eared Wheatear;;;;;;;
OEDES;A;OEDES;;;11490;OENDES;J;Ökenstenskvätta;Oenanthe deserti;Desert Wheatear;;;;;;;
MOSAX;A;MOSAX;;;11620;MONSAX;;Stentrast;Monticola saxatilis;Rock Thrush;;;;;;;
MOSOL;A;MOSOL;;;11660;MONSOL;;Blåtrast;Monticola solitarius;Blue Rock-thrush;;;;;;;
ZODAU;A;ZODAU;;;11700;ZOODAU;J;Guldtrast;Zoothera dauma;White´s Thrush;;;;;;;
SITRA;A;SITRA;;;11710;ZOOSIB;J;Sibirisk trast;Zoothera sibirica;Siberian Thrush;;;;;;;
ROSKO;A;ROSKO;;;11790;CATFUS;J;Rostskogstrast;Catharus fuscescens;Veery;;;;;;;
RITRA;A;RITRA;;;11860;TURTOR;J;Ringtrast;Turdus torquatus;Ring Ouzel;130;165;80;150;;4;
KOTRA;A;KOTRA;;;11870;TURMER;J;Koltrast;Turdus merula;Blackbird;118;145;70;140;;4;
TUOBS;A;TUOBS;;;11950;TUROBS;;Gråhalsad trast;Turdus obscurus;Eyebrowed Thrush;;;;;;;
TUNAU;A;TUNAU;;;11960;TURNAU;;Bruntrast;Turdus naumanni;Dusky Thrush;;;;;;;
TNNAU;R;TUNAU;;;11961;TURNAUN;;Bruntrast;Turdus naumanni naumanni;Dusky Thrush;;;;;;;
TNEUN;R;TUNAU;;;11962;TURNAUE;;Bruntrast;Turdus naumanni eunomus;Dusky Thrush;;;;;;;
TURUF;A;TURUF;;;11970;TURRUF;J;Taigatrast;Turdus ruficollis;Dark-throated Thrush;;;;;;;
TRRUF;R;TURUF;;;11971;TURRUFR;J;Taigatrast;Turdus ruficollis ruficollis;Dark-throated Thrush;;;;;;;
TRATR;R;TURUF;;;11972;TURRUFA;J;Taigatrast;Turdus ruficollis atrogularis;Dark-throated Thrush;;;;;;;
BJTRA;A;BJTRA;;;11980;TURPIL;J;Björktrast;Turdus pilaris;Fieldfare;125;160;70;140;;4;
TATRA;A;TATRA;;;12000;TURPHI;J;Taltrast;Turdus philomelos;Song Thrush;105;130;50;100;;4;3,5
RÖTRA;A;RÖTRA;;;12010;TURILI;J;Rödvingetrast;Turdus iliacus;Redwing;105;130;45;90;;3;3,5
TIILI;R;RÖTRA;;;12011;TURILII;;Rödvingetrast;Turdus iliacus iliacus;Redwing;;;;;;3;3,5
TICOB;R;RÖTRA;;;12012;TURILIC;;Rödvingetrast;Turdus iliacus cobumi;Redwing;;;;;;3;3,5
DUTRA;A;DUTRA;;;12020;TURVIS;J;Dubbeltrast;Turdus viscivorus;Mistle Thrush;140;170;90;170;;4;
CESÅN;A;CESÅN;;;12200;CETCET;J;Cettisångare;Cettia cetti;Cetti´s Warbler;;;;;;;
CIJUN;A;CIJUN;;;12260;CISJUN;;Grässångare;Cisticola juncidis;Fantailed Warbler;;;;;;;
STPRI;A;STPRI;;;12270;PRIGRA;;Streckad prinia;Prinia gracilis;Graceful Prinia;;;;;;;
LOCER;A;LOCER;;;12330;LOCCER;J;Starrsångare;Locustella certhiola;Pallas´s Grasshopper Warbler;;;;;;;
LOLAN;A;LOLAN;;;12350;LOCLAN;J;Träsksångare;Locustella lanceolata;Lanceolated Warbler;;;;;;;
LONAE;A;LONAE;;;12360;LOCNAE;J;Gräshoppsångare;Locustella naevia;Grasshopper Warbler;59;73;9;25;;1;
GRTRZ;Z;GRTRZ;;;1236Z;NAELANZ;J;Hybrid: gräshopps- / träsksångare;Hybrid: Locustella naevia / lanceolata;Hybrid: Grassh. / Lanceolated Warbler;;;;;;;
FLSÅN;A;FLSÅN;;;12370;LOCFLU;J;Flodsångare;Locustella fluviatilis;River Warbler;;;;;;1;
LOLUS;A;LOLUS;;;12380;LOCLUS;J;Vassångare;Locustella luscinioides;Savi´s Warbler;;;;;;1;
ACPAL;A;ACPAL;;;12420;ACROLA;J;Vattensångare;Acrocephalus paludicola;Aquatic Warbler;;;;;;;
SÄVAZ;Z;SÄVAZ;;;1242Z;SCHPALZ;;Hybrid: sävsångare / vattensångare;Hybrid: Acroc. schoenobaenus/paludicola;Hybrid: Sedge / Aquatic Warbler;;;;;;;
SÄSÅN;A;SÄSÅN;;;12430;ACRSCH;J;Sävsångare;Acrocephalus schoenobaenus;Sedge Warbler;58;75;8;22;;1;
RÖSÄZ;Z;RÖSÄZ;;;1243Z;SCISCHZ;J;Hybrid: rörsångare / sävsångare;Hybrid: Acroc. scirpaceus/schoenobaenus;Hybrid: Reed Warbler / Sedge Warbler;;;;;;;
FÄSÅN;A;FÄSÅN;;;12470;ACRAGR;J;Fältsångare;Acrocephalus agricola;Paddyfield Warbler;;;;;;;
SÄFÄZ;Z;SÄFÄZ;;;1247Z;AGRSCHZ;;Hybrid: sävsångare / fältsångare;Hybrid: Acroceph. schoenobaenus/agricola;Hybrid: Sedge / Paddyfield Warbler;;;;;;;
BUSÅN;A;BUSÅN;;;12480;ACRDUM;J;Busksångare;Acrocephalus dumetorum;Blyth´s Reed Warbler;;;;;;1;
KRÅNG;A;KRÅNG;;;12500;ACRRIS;J;Kärrsångare;Acrocephalus palustris;Marsh Warbler;61;80;8;22;;1;
ACSCI;A;ACSCI;;;12510;ACRSCI;J;Rörsångare;Acrocephalus scirpaceus;Reed Warbler;58;75;8;22;;1;
ACKRX;X;ACKRZ;;;1251X;SCIPALX;J;Hybrid?: rörsångare / kärrsångare;Hybrid? Acroceph. scirpaceus / palustris;Hybrid?: Reed Warbler / Marsh Warbler;;;;;;;
ACKRZ;Z;ACKRZ;;;1251Z;SCIPALZ;J;Hybrid: rörsångare / kärrsångare;Hybrid: Acroceph. scirpaceus / palustris;Hybrid: Reed Warbler / Marsh Warbler;;;;;;;
PASÅN;A;PASÅN;;;12520;ACRSTE;;Papyrussångare;Acrocephalus stentoreus;Clamorous Reed Warbler;;;;;;3;
ACARU;A;ACARU;;;12530;ACRARU;J;Trastsångare;Acrocephalus arundinaceus;Great Reed Warbler;88;110;19;50;;3;
HIPAL;A;HIPAL;;;12550;HIPPAL;J;Eksångare;Hippolais pallida;Olivaceous Warbler;;;;;;;
HIOPA;A;HIOPA;;;12552;HIPOPA;J;Macchiasångare;Hippolais opaca;Isabelline Warbler;;;;;;;
HPLAE;R;HIPAL;;;12555;HIPPALL;;Eksångare;Hippolais pallida laeneni;Olivaceous Warbler;;;;;;;
HICAL;A;HICAL;;;12560;HIPCAL;J;Stäppsångare;Hippolais caligata;Booted Warbler;;;;;;;
HIRAM;A;HIRAM;;;12562;HIPRAM;J;Saxaulsångare;Hippolais rama;Sykes´s Warbler;;;;;;;
HIICT;A;HIICT;;;12590;HIPICT;J;Härmsångare;Hippolais icterina;Icterine Warbler;69;88;10;22;;1;
POSÅN;A;POSÅN;;;12600;HIPPOL;J;Polyglottsångare;Hippolais polyglotta;Melodious Warbler;;;;;;;
SYSAR;A;SYSAR;;;12610;SYLSAR;;Sardinsk sångare;Sylvia sarda;Marmora´s Warbler;;;;;;;
SYUND;A;SYUND;;;12620;SYLUND;J;Provencesångare;Sylvia undata;Datford Warbler;;;;;;;
SYCON;A;SYCON;;;12640;SYLCON;;Glasögonsångare;Sylvia conspicillata;Spectacled Warbler;;;;;;;
SYCAN;A;SYCAN;;;12650;SYLCAN;J;Rödstrupig sångare;Sylvia cantillans;Subalpine Warbler;;;;;;;
SYMYS;A;SYMYS;;;12660;SYLMYS;;Östlig sammetshätta;Sylvia mystacea;Menetries´s Warbler;;;;;;;
SAHÄT;A;SAHÄT;;;12670;SYLMEL;J;Sammetshätta;Sylvia melanocephala;Sardinian Warbler;;;;;;;
SYRUE;A;SYRUE;;;12690;SYLRUE;;Svarthakad sångare;Sylvia rueppelli;Ruppell´s Warbler;;;;;;;
ÖKSÅN;A;ÖKSÅN;;;12700;SYLNAN;J;Ökensångare;Sylvia nana;Desert Warbler;;;;;;;
SYHOR;A;SYHOR;;;12720;SYLHOR;;Mästersångare;Sylvia hortensis;Orphean Warbler;;;;;;;
HÖSÅN;A;HÖSÅN;;;12730;SYLNIS;J;Höksångare;Sylvia nisoria;Barred Warbler;80;96;15;40;;3;
ÄRSÅN;A;ÄRSÅN;;;12740;SYLCUR;J;Ärtsångare;Sylvia curruca;Lesser Whitethroat;59;75;7;21;;1;
SCCUR;R;ÄRSÅN;;;12741;SYLCURC;J;Ärtsångare;Sylvia curruca curruca;Lesser Whitethroat;;;;;;1;
SCBLY;R;ÄRSÅN;;;12742;SYLCURB;J;Ärtsångare;Sylvia curruca blyhtii;Lesser Whitethroat;;;;;;1;
TÖSÅN;A;TÖSÅN;;;12750;SYLCOM;J;Törnsångare;Sylvia communis;Whitethroat;63;82;10;26;;1,5;2
SYBOR;A;SYBOR;;;12760;SYLBOR;J;Trädgårdssångare;Sylvia borin;Garden Warbler;70;90;11;33;;1,5;2
SVHÄT;A;SVHÄT;;;12770;SYLATR;J;Svarthätta;Sylvia atricapilla;Blackcap;66;86;11;30;;1,5;2
PTNIT;R;LUSÅN;;;12910;PHYDESN;J;Lundsångare;Phylloscopus trochiloides nitidus;Greenish Warbler;;;;;;0,5;
PTPLU;R;LUSÅN;;;12920;PHYDESP;J;Lundsångare;Phyllosc. trochiloides plumbeitarsus;Greenish Warbler;;;;;;0,5;
LUSÅN;A;LUSÅN;;;12930;PHYDES;J;Lundsångare;Phylloscopus trochiloides;Greenish Warbler;50;70;5;11;;0,5;
NOSÅN;A;NOSÅN;P;;12950;PHYBOR;J;Nordsångare;Phylloscopus borealis;Arctic Warbler;;;;;;1;
KUSÅN;A;KUSÅN;;;12980;PHYPRO;J;Kungsfågelsångare;Phylloscopus proregulus;Pallas´s Warbler;45;60;4;8;;0,5;
TASÅN;A;TASÅN;;;13000;PHYINO;J;Taigasångare;Phylloscopus inornatus;Yellow-browed Warbler;47;62;4;9;;0,5;
PHHUM;A;PHHUM;;;13002;PHYHUM;J;Bergstaigasångare;Phylloscopus humei;Hume´s Yellow-browed Warbler;;;;;;0,5;
VISÅN;A;VISÅN;;;13010;PHYSCH;J;Videsångare;Phylloscopus schwarzi;Radde´s Warbler;;;;;;1;
BRSÅN;A;BRSÅN;;;13030;PHYFUS;J;Brunsångare;Phylloscopus fuscatus;Dusky Warbler;;;;;;1;
BESÅN;A;BESÅN;;;13070;PHYBON;J;Bergsångare;Phylloscopus bonelli;Western Bonelli´s Warbler;;;;;;;
BASÅN;A;BASÅN;;;13072;PHYORI;;Balkansångare;Phylloscopus orientalis;Eastern Bonelli´s Warbler;;;;;;;
PHSIB;A;PHSIB;;;13080;PHYSIB;J;Grönsångare;Phylloscopus sibilatrix;Wood Warbler;67;83;7;15;;1;
PHNEG;A;PHNEG;;;13090;PHYNEG;J;Dvärgsångare;Phylloscopus neglectus;Plain Willow Warbler;;;;;;;
PHCOL;A;PHCOL;;;13110;PHYCOL;J;Gransångare;Phylloscopus collybita;Chiffchaff;51;70;5;12;;0,5;
PCCOL;R;PHCOL;;;13111;PHYCOLC;J;Gransångare;Phylloscopus collybita collybita;Chiffchaff;52;68;5;11;;0,5;
PCTRI;R;PHCOL;;;13113;PHYCOLT;J;Gransångare;Phylloscopus collybita tristis;Chiffchaff;51;66;5;11;;0,5;
PCABI;R;PHCOL;;;13114;PHYCOLA;J;Gransångare;Phylloscopus collybita abietinus;Chiffchaff;54;70;6;12;;0,5;
IBGRA;A;IBGRA;;;13115;PHYIBE;J;Iberisk gransångare;Phylloscopus ibericus;Iberian Chiffchaff;;;;;;;
LÖSÅN;A;LÖSÅN;;;13120;PHYLUS;J;Lövsångare;Phylloscopus trochilus;Willow Warbler;55;78;6;14;;1;
KUFÅG;A;KUFÅG;;;13140;REGREG;J;Kungsfågel;Regulus regulus;Goldcrest;48;60;4;8;;0,5;
BRKUN;A;BRKUN;;;13150;REGIGN;J;Brandkronad kungsfågel;Regulus ignicapillus;Firecrest;;;;;;0,5;
KUBRZ;Z;KUBRZ;;;1315Z;IGNREGZ;J;Hybrid: kungsfågel / brandkronad kungsf.;Hybrid: Regulus regulus / ignicapillus;Hybrid: Goldcrest / Firecrest;;;;;;0,5;
MUDAU;A;MUDAU;;;13340;MUSDAU;J;Glasögonflugsnappare;Muscicapa daurica;Brown Flycatcher;;;;;;;
GRFLU;A;GRFLU;;;13350;MUSSTR;J;Grå flugsnappare;Muscicapa striata;Spotted Flycatcher;80;98;10;25;;1;
MIFLU;A;MIFLU;;;13430;FICPAR;J;Mindre flugsnappare;Ficedula parva;Red-breasted Flycatcher;62;78;7;15;;0,5;
FINAR;A;FINAR;;;13460;FICNAR;J;Narcissflugsnappare;Ficedula narcissina;Narcissus Flycatcher;;;;;;;
BAFLU;A;BAFLU;;;13470;FICSEM;;Balkanflugsnappare;Ficedula semitorquata;Semicollared Flycatcher;;;;;;1     ;
HAFLU;A;HAFLU;;;13480;FICALB;J;Halsbandsflugsnappare;Ficedula albicollis;Collared Flycatcher;74;90;10;25;;1;
SVFLU;A;SVFLU;;;13490;FICHYP;J;Svartvit flugsnappare;Ficedula hypoleuca;Pied Flycatcher;70;88;9;22;;1;
SV*HA;Y;SVHAZ;;;1349A;HYPALBA;J;Hybrid: svartvit m * f halsbandsflugsn.;Hybrid: Ficedula hypoleuca * albicollis;Hybrid: Pied M * F Collared Flycatcher;;;;;;;
HA*SV;Y;SVHAZ;;;1349B;HYPALBB;J;Hybrid: halsbands m * f svartvit flugsn.;Hybrid: Ficedula albicollis * hypoleuca;Hybrid: Collared M * F Pied Flycatcher;;;;;;;
SVHAB;Y;SVHAZ;;;1349S;HYPALBS;J;Hybrid: svartvit / halsbandsflugsnappare;Hybrid: Ficedula hypoleuca / albicollis;Hybrid: Pied / Collared Flycatcher;;;;;;;
SVBHA;Y;SVHAZ;;;1349T;HYPALBT;J;Hybrid: svartvit / halsbandsflugsnappare;Hybrid: Ficedula hypoleuca / albicollis;Hybrid: Pied / Collared Flycatcher;;;;;;;
HASVB;Y;SVHAZ;;;1349U;HYPALBU;J;Hybrid: svartvit / halsbandsflugsnappare;Hybrid: Ficedula albicollis / hypoleuca;Hybrid: Collared / Pied Flycatcher;;;;;;;
HABSV;Y;SVHAZ;;;1349V;HYPALBV;J;Hybrid: svartvit / halsbandsflugsnappare;Hybrid: Ficedula albicollis / hypoleuca;Hybrid: Collared / Pied Flycatcher;;;;;;;
SVHAX;X;SVHAZ;;;1349X;HYPALBX;J;Hybrid? svartvit / halsbandsflugsnappare;Hybrid?: Ficedula hypoleuca / albicollis;Hybrid?: Pied / Collared Flycatcher;;;;;;;
SVHAY;Y;SVHAZ;;;1349Y;HYPALBY;J;Hybrid: svartvit / halsbandsflugsnappare;Hybrid: Ficedula hypoleuca / albicollis;Hybrid: Pied / Collared Flycatcher;;;;;;;
SVHAZ;Z;SVHAZ;;;1349Z;HYPALBZ;J;Hybrid: svartvit / halsbandsflugsnappare;Hybrid: Ficedula hypoleuca / albicollis;Hybrid: Pied / Collared Flycatcher;;;;;;;
SKMES;A;SKMES;;;13640;PANBIA;J;Skäggmes;Panurus biarmicus;Bearded Reedling;51;69;10;22;;1,5;
STMES;A;STMES;;;14370;AEGCAU;J;Stjärtmes;Aegithalos caudatus;Long-tailed Tit;55;72;6;15;;1;
ACCAU;R;STMES;;;14371;AEGCAUC;J;Stjärtmes;Aegithalos caudatus caudatus;Long-tailed Tit;55;72;6;15;;1;
ACEUR;R;STMES;;;14374;AEGCAUE;J;Stjärtmes;Aegithalos caudatus europaeus;Long-tailed Tit;;;;;;1;
ENTIT;A;ENTIT;;;14400;PARPAL;J;Entita;Parus palustris;Marsh Tit;57;72;9;16;;1;
TATIT;A;TATIT;;;14420;PARMON;J;Talltita;Parus montanus;Willow Tit;56;71;8;16;;1,5;1
LAMES;A;LAMES;;;14480;PARCIN;J;Lappmes;Parus cinctus;Siberian Tit;62;73;10;18;;2;
LATAZ;Z;LATAZ;;;1448Z;CINMONZ;J;Hybrid: lappmes / talltita;Hybrid: Parus cinctus / montanus;Hybrid: Siberian Tit / Willow Tit;;;;;;;
TOMES;A;TOMES;;;14540;PARCRI;J;Tofsmes;Parus cristatus;Crested Tit;57;69;8;16;;1,5;
TOTAZ;Z;TOTAZ;;;1454Z;CRIMONZ;J;Hybrid: tofsmes / talltita;Hybrid: Parus cristatus / montanus;Hybrid: Crested Tit / Willow Tit;;;;;;;
SVMES;A;SVMES;;;14610;PARATE;J;Svartmes;Parus ater;Coal Tit;55;68;6;15;;1;
BLMES;A;BLMES;;;14620;PARCAE;J;Blåmes;Parus caeruleus;Blue Tit;58;75;8;17;;1,5;1
AZMES;A;AZMES;;;14630;PARCYA;J;Azurmes;Parus cyanus;Azure Tit;;;;;;;
AZBLZ;Z;AZBLZ;;;1463Z;CYACAEZ;J;Hybrid: azurmes / blåmes;Hybrid: Parus cyanus / caeruleus;Hybrid: Azure Tit / Blue Tit;;;;;;;
TAOXE;A;TAOXE;;;14640;PARMAJ;J;Talgoxe;Parus major;Great Tit;67;85;11;25;;2;
NÖVÄC;A;NÖVÄC;;;14790;SITEUR;J;Nötväcka;Sitta europaea;Nuthatch;80;97;17;30;;2;
SEEUR;R;NÖVÄC;;;14791;SITEURE;J;Nötväcka;Sitta europaea europaea;Nuthatch;80;97;17;30;;2;
SEASI;R;NÖVÄC;;;14792;SITEURA;J;Nötväcka;Sitta europaea asiatica;Nuthatch;;;;;;2;
TRKRY;A;TRKRY;;;14860;CERFAM;J;Trädkrypare;Certhia familiaris;Treecreeper;58;71;6;15;;0,5;
TRTRÄ;A;TRTRÄ;;;14870;CERBRA;J;Trädgårdsträdkrypare;Certhia brachydactyla;Short-toed Tree Creeper;;;;;;0,5;
PUMES;A;PUMES;;;14900;REMPEN;J;Pungmes;Remiz pendulinus;Penduline Tit;51;62;7;15;;1;
ANURU;A;ANURU;;;14910;ANTPLA;;Dvärgsolfågel;Anthreptes platurus;Pygmy Sunbird;;;;;;;
PUSOL;A;PUSOL;;;14930;CINASI;;Purpursolfågel;Cinnyris asiaticus;Purple Sunbird;;;;;;;
SOGYL;A;SOGYL;;J;15080;ORIORI;J;Sommargylling;Oriolus oriolus;Golden Oriole;;;;;;4;
TCSEN;A;TCSEN;;;15090;TCHSEN;;Svartkronad tchagra;Tchagra senegalus;Black-crowned Tchagra;;;;;;;
BRTÖR;A;BRTÖR;;;15130;LANCRI;J;Brun törnskata;Lanius cristatus;Brown Shrike;;;;;;;
ISTÖR;A;ISTÖR;;;15140;LANISA;J;Isabellatörnskata;Lanius isabellinus;Isabelline Shrike;;;;;;;
TÖSKA;A;TÖSKA;;;15150;LANCOL;J;Törnskata;Lanius collurio;Red-backed Shrike;86;102;21;37;;3;3,5
SVTÖR;A;SVTÖR;;;15190;LANMIN;J;Svartpannad törnskata;Lanius minor;Lesser Grey Shrike;;;;;;;
VAFÅG;A;VAFÅG;;;15200;LANEXC;J;Varfågel;Lanius excubitor;Great Grey Shrike;105;125;50;85;;4;
ÖKVAR;A;ÖKVAR;;;15203;LANMER;J;Ökenvarfågel;Lanius meridionalis;Southern Grey Shrike;;;;;;4;
RÖTÖR;A;RÖTÖR;;;15230;LANSEN;J;Rödhuvad törnskata;Lanius senator;Woodchat Shrike;;;;;;;
LANUB;A;LANUB;;;15240;LANNUB;J;Masktörnskata;Lanius nubicus;Masked Shrike;;;;;;;
NÖSKR;A;NÖSKR;;;15390;GARGLA;J;Nötskrika;Garrulus glandarius;Jay;170;200;130;200;;6;
LASKR;A;LASKR;;;15430;PERINF;J;Lavskrika;Perisoreus infaustus;Siberian Jay;130;150;70;100;;5;
SKATA;A;SKATA;;;15490;PICPIC;J;Skata;Pica pica;Magpie;175;210;160;260;;6;
NÖKRÅ;A;NÖKRÅ;;;15570;NUCCAR;J;Nötkråka;Nucifraga caryocatactes;Nutcracker;170;200;150;220;;5;6
NCCAR;R;NÖKRÅ;;;15571;NUCCARC;J;Nötkråka;Nucifraga caryocatactes caryoctactes;Nutcracker;175;200;160;220;;5;6
NCMAC;R;NÖKRÅ;;;15572;NUCCARM;J;Nötkråka;Nucifraga caryocatactes macrorhynchos;Nutcracker;170;200;150;210;;5;6
KAJA;A;KAJA;;;15600;CORMON;J;Kaja;Corvus monedula;Jackdaw;200;250;150;280;;6;
RÅKA;A;RÅKA;;;15630;CORFRU;J;Råka;Corvus frugilegus;Rook;;;;;;8;
KRÅKA;A;KRÅKA;;;15670;CORONE;J;Kråka;Corvus corone;Carrion Crow;290;340;350;600;;8;
CCONE;R;KRÅKA;;;15671;CORONEE;J;Kråka;Corvus corone corone;Carrion Crow;;;;;;8;
CCNIX;R;KRÅKA;;;15673;CORONEX;J;Kråka;Corvus corone cornix;Carrion Crow;;;;;;8;
KORP;A;KORP;;;15720;CORRAX;J;Korp;Corvus corax;Raven;;;;;S;91;90
STARE;A;STARE;;;15820;STUVUL;J;Stare;Sturnus vulgaris;Starling;115;142;50;100;;4;
ROSTA;A;ROSTA;;;15840;STUROS;J;Rosenstare;Sturnus roseus;Rose-coloured Starling;;;;;;;
GRSPA;A;GRSPA;;;15910;PASDOM;J;Gråsparv;Passer domesticus;House Sparrow;68;86;18;37;;2;3
PAHIS;A;PAHIS;;;15920;PASHIS;;Spansk sparv;Passer hispaniolensis;Spanish Sparrow;;;;;;;
PIFIN;A;PIFIN;;;15980;PASMON;J;Pilfink;Passer montanus;Tree Sparrow;60;80;14;30;;2;
PI*GR;Y;PIGRZ;;;1598A;MONDOMA;J;Hybrid: pilfink m * f gråsparv;Hybrid: Passer montanus * domesticus;Hybrid: Tree Sparrow M * F House Sparrow;;;;;;;
GR*PI;Y;PIGRZ;;;1598B;MONDOMB;J;Hybrid: gråsparv m * f pilfink;Hybrid: Passer domesticus * montanus;Hybrid: House Sparrow M * F Tree Sparrow;;;;;;;
GRPIB;Y;PIGRZ;;;1598S;MONDOMS;J;Hybrid: gråsparv / pilfink;Hybrid: Passer domesticus / montanus;Hybrid: House Sparrow / Tree Sparrow;;;;;;;
GRBPI;Y;PIGRZ;;;1598T;MONDOMT;J;Hybrid: gråsparv / pilfink;Hybrid: Passer domesticus / montanus;Hybrid: House Sparrow / Tree Sparrow;;;;;;;
PIGRB;Y;PIGRZ;;;1598U;MONDOMU;J;Hybrid: pilfink / gråsparv;Hybrid: Passer montanus / domesticus;Hybrid: Tree Sparrow / House Sparrow;;;;;;;
PIBGR;Y;PIGRZ;;;1598V;MONDOMV;J;Hybrid: pilfink / gråsparv;Hybrid: Passer montanus / domesticus;Hybrid: Tree Sparrow / House Sparrow;;;;;;;
PIGRX;X;PIGRZ;;;1598X;MONDOMX;J;Hybrid?: pilfink / gråsparv;Hybrid?: Passer montanus / domesticus;Hybrid?: Tree Sparrow / House Sparrow;;;;;;;
PIGRY;Y;PIGRZ;;;1598Y;MONDOMY;J;Hybrid: pilfink / gråsparv;Hybrid: Passer montanus / domesticus;Hybrid: Tree Sparrow / House Sparrow;;;;;;;
PIGRZ;Z;PIGRZ;;;1598Z;MONDOMZ;J;Hybrid: pilfink / gråsparv;Hybrid: Passer montanus / domesticus;Hybrid: Tree Sparrow / House Sparrow;;;;;;;
PALUT;A;PALUT;;;15990;PASLUT;;Sudanguldsparv;Passer luteus;Sudan Golden Sparrow;;;;;;;
PEXAN;A;PEXAN;;;16020;PETXAN;;Gulstrupig stensparv;Petronia xanthocollis;Yellow-throated Sparrow;;;;;;;
PEDEN;A;PEDEN;;;16030;PETDEN;;Buskstensparv;Petronia dentata;Bush Petronia;;;;;;;
PEPET;A;PEPET;;;16040;PETPET;;Stensparv;Petronia petronia;Rock Sparrow;;;;;;;
LASEN;A;LASEN;;;16130;LAGSEN;;Rödnäbbad amarant;Lagonosticta senegala;Red-billed Fire-finch;;;;;;;
URBEN;A;URBEN;;;16140;URABEN;;Rödkindad fjärilsfink;Uraeginthus bengalus;Red-cheeked Cordon-bleu;;;;;;;
INSIL;A;INSIL;;;16180;EUOMAL;;Indisk silvernäbb;Euodice malabarica;Indian Silverbill;;;;;;1;
AFSIL;A;AFSIL;;;16190;EUOCAN;;Afrikansk silvernäbb;Euodice cantans;African Silver-bill;;;;;;;
BOFIN;A;BOFIN;;;16360;FRICOE;J;Bofink;Fringilla coelebs;Chaffinch;75;99;14;30;;1,5;
BEFIN;A;BEFIN;;;16380;FRIMON;J;Bergfink;Fringilla montifringilla;Brambling;77;101;15;35;;1,5;
GUHÄM;A;GUHÄM;;;16400;SERSER;J;Gulhämpling;Serinus serinus;Serin;;;;;;1;
GRFIN;A;GRFIN;;;16490;CARCHL;J;Grönfink;Carduelis chloris;Greenfinch;77;99;18;38;;2;
STEGL;A;STEGL;;;16530;CARCAR;J;Steglits;Carduelis carduelis;Goldfinch;75;90;13;25;;1,5;
CASPI;A;CASPI;;;16540;CARSPI;J;Grönsiska;Carduelis spinus;Siskin;63;81;9;20;;1;
HÄMPL;A;HÄMPL;;;16600;CARCAN;J;Hämpling;Carduelis cannabina;Linnet;71;88;14;25;;1;
VIHÄM;A;VIHÄM;;;16620;CARRIS;J;Vinterhämpling;Carduelis flavirostris;Twite;71;85;12;22;;1;
CAFLA;A;CAFLA;;;16630;CARMEA;J;Gråsiska;Carduelis flammea;Redpoll;65;83;8;20;;1;
CFMEA;R;CAFLA;;;16631;CARMEAF;J;Gråsiska;Carduelis flammea flammea;Redpoll;67;83;9;20;;1;
CFROS;R;CAFLA;;;16632;CARMEAR;J;Gråsiska;Carduelis flammea rostrata;Redpoll;;;;;;1;
CFCAB;R;CAFLA;;;16634;CARMEAC;J;Gråsiska;Carduelis flammea cabaret;Redpoll;65;80;8;19;;1;
SNSIS;A;SNSIS;;;16640;CARHOR;J;Snösiska;Carduelis hornemanni;Arctic Redpoll;69;83;10;20;;1;
CHHOR;R;SNSIS;;;16641;CARHORH;J;Snösiska;Carduelis hornemanni hornemanni;Arctic Redpoll;;;;;;1;
CHEXI;R;SNSIS;;;16642;CARHORE;J;Snösiska;Carduelis hornemanni exilipes;Arctic Redpoll;;;;;;1;
SNCAZ;Z;SNCAZ;;;1664Z;HORFLAZ;J;Intermediär: gråsiska / snösiska;Interm.: Carduelis flammea/hornemanni;Intermediate: Redpoll / Arctic Redpoll;;;;;;1;
BÄKOR;A;BÄKOR;;;16650;LOXLEU;J;Bändelkorsnäbb;Loxia leucoptera;Two-barred Crossbill;85;99;22;45;;3;
MIKOR;A;MIKOR;;;16660;LOXCUR;J;Mindre korsnäbb;Loxia curvirostra;Crossbill;89;106;30;60;;3;
STKOR;A;STKOR;;;16680;LOXPYT;J;Större korsnäbb;Loxia pytyopsittacus;Parrot Crossbill;97;120;40;70;;3;
ROSEN;A;ROSEN;;;16790;CARERY;J;Rosenfink;Carpodacus erythrinus;Scarlet Rosefinch;75;91;17;30;;2;
TABIT;A;TABIT;;;16990;PINENU;J;Tallbit;Pinicola enucleator;Pine Grosbeak;100;120;45;75;;3;
DOHER;A;DOHER;;;17100;PYRPYR;J;Domherre;Pyrrhula pyrrhula;Bullfinch;85;102;22;45;;2;
STKNÄ;A;STKNÄ;;;17170;COCCOC;J;Stenknäck;Coccothraustes coccothraustes;Hawfinch;96;120;40;75;;4;
MEMEL;A;MEMEL;;;18350;MELMEL;J;Sångsparv;Melospiza melodia;Song Sparrow;;;;;;;
ZOALB;A;ZOALB;;;18400;ZONALB;;Vitstrupig sparv;Zonotrichia albicollis;White-throated Sparrow;;;;;;;
LASPA;A;LASPA;;;18470;CALLAP;J;Lappsparv;Calcarius lapponicus;Lapland Bunting;85;102;16;33;;2;
SNSPA;A;SNSPA;;;18500;PLENIV;J;Snösparv;Plectrophenax nivalis;Snow Bunting;100;120;25;50;;3;
EMLEU;A;EMLEU;;;18560;EMBLEU;J;Tallsparv;Emberiza leucocephala;Pine Bunting;;;;;;;
GUSPA;A;GUSPA;;;18570;EMBCIT;J;Gulsparv;Emberiza citrinella;Yellowhammer;77;100;19;40;;2;
SÄGUX;X;SÄGUZ;;;1857X;SCHCITX;;Hybrid?: sävsparv / gulsparv;Hybrid?: Emberiza schoeniclus/citrinella;Hybrid?: Reed Bunting / Yellowhammer;;;;;;;
SÄGUZ;Z;SÄGUZ;;;1857Z;SCHCITZ;;Hybrid: sävsparv / gulsparv;Hybrid: Emberiza schoeniclus/citrinella;Hybrid: Reed Bunting / Yellowhammer;;;;;;;
EMCIR;A;EMCIR;;;18580;EMBCIR;J;Häcksparv;Emberiza cirlus;Cirl Bunting;;;;;;;
KLSPA;A;KLSPA;;;18600;EMBCIA;J;Klippsparv;Emberiza cia;Rock Bunting;;;;;;;
ORSPA;A;ORSPA;;;18660;EMBHOR;J;Ortolansparv;Emberiza hortulana;Ortolan Bunting;80;95;18;30;;2;
EMRUS;A;EMRUS;;;18730;EMBRUS;J;Videsparv;Emberiza rustica;Rustic Bunting;71;86;14;28;;1,5;
DVSPA;A;DVSPA;P;;18740;EMBPUS;J;Dvärgsparv;Emberiza pusilla;Little Bunting;65;78;11;20;;1;
GYSPA;A;GYSPA;;;18760;EMBAUR;J;Gyllensparv;Emberiza aureola;Yellow-breasted Bunting;;;;;;;
SÄSPA;A;SÄSPA;;;18770;EMBSCH;J;Sävsparv;Emberiza schoeniclus;Reed Bunting;68;90;12;26;;1,5;
SÄEMX;X;SÄEMZ;;;1877X;SCHRUSX;;Hybrid? sävsparv / videsparv;Hybrid?: Emberiza schoeniclus / rustica;Hybrid?: Reed / Rustic Bunting;;;;;;;
SÄEMZ;Z;SÄEMZ;;;1877Z;SCHRUSZ;;Hybrid: sävsparv / videsparv;Hybrid: Emberiza schoeniclus / rustica;Hybrid: Reed / Rustic Bunting;;;;;;;
EMBRU;A;EMBRU;;;18800;EMBBRU;;Stäppsparv;Emberiza bruniceps;Red-headed Bunting;;;;;;;
SVSPA;A;SVSPA;;;18810;EMBMEL;J;Svarthuvad sparv;Emberiza melanocephala;Black-headed Bunting;;;;;;;
KOSPA;A;KOSPA;P;;18820;MILCAL;J;Kornsparv;Miliaria calandra;Corn Bunting;;;;;;3;
PHLUD;A;PHLUD;;;18870;PHELUD;J;Brokig kardinal;Pheucticus ludovicianus;Rose-breasted Grosbeak;;;;;;;
TUAFE;A;TUAFE;;;20010;TURAFE;;Blåfläckduva;Turtur afer;Blue-spotted Wood Dove;;;;;;;
PLCUC;A;PLCUC;;;20030;PLOCUC;;Byvävare;Ploceus cucullatus;Village Weaver;;;;;;;
PAGRI;A;PAGRI;;;20050;PASGRI;;Bysparv;Passer griseus;Northern Grey-headed Sparrow;;;;;;;
HILUC;A;HILUC;;;20080;HIRLUC;;Afrikansk ladusvala;Hirundo lucida;Red-chested Svallow;;;;;;;
QUQUE;A;QUQUE;;;20240;QUEQEU;;Blodnäbbsvävare;Quelea qeulea;Red-billed Quelea;;;;;;;
ESTRO;A;ESTRO;;;20270;ESTTRO;;Grå astrild;Estrilda troglodytes;Black-rumped Waxbill;;;;;;;
PLMEL;A;PLMEL;;;20410;PLOMEL;;Svarthuvad vävare;Ploceus melanocephalus;Black-headed Weaver;;;;;;;
ESMEL;A;ESMEL;;;20430;ESTMEL;;Orangekindad astrild;Estrilda melpoda;Orange-cheeked Waxbill;;;;;;;
ACBAE;A;ACBAE;;;20900;ACRBAE;;Afrikansk rörsångare;Acrocephalus baeticatus;African Reed Warbler;;;;;;;
CIPUL;A;CIPUL;;;22400;CINPUL;;Smyckesolfågel;Cinnyris pulchellus;Beautiful Sunbird;;;;;;;
SYBRA;A;SYBRA;;;22900;SYLBRA;;Nordlig krombek;Sylvietta brachyura;Northern Crombec;;;;;;;
CABRE;A;CABRE;;;24300;CAMBRE;;Gråryggad camaroptera;Camaroptera brevicaudata;Grey-backed Camaroptera;;;;;;;
SYVIR;A;SYVIR;;;24400;SYLVIR;;Grön krombek;Sylvietta virens;Green Crombec;;;;;;;
HYBRZ;X;HYBRZ;;;24998;HYBRID;;Ospec hybrid / intermediär;;Hybrids or intermediates;;;;;;;
VIMAC;A;VIMAC;;;26430;VIDMAC;;Dominikaneränka;Vidua macroura;Pin-tailed Whydah;;;;;;;
ACGRA;A;ACGRA;;;30050;ACRGRA;;Kaffersångare;Acrocephalus gracilirostris;Lesser Swamp Warbler;;;;;;;
ACRUF;A;ACRUF;;;30060;ACRRUF;;Sumpsångare;Acrocephalus rufescens;Greater Swamp Warbler;;;;;;;
AMFAS;A;AMFAS;;;30160;AMAFAS;;Rödstrupig amadin;Amadina fasciata;Cut-throat Finch;;;;;;;
AFPIP;A;AFPIP;;;30380;ANTCIN;;Afrikansk piplärka;Anthus cinnamomeus;African Pipit;;;;;;;
BUALB;A;BUALB;;;30730;BUBALB;;Vitnäbbad buffelvävare;Bubalornis albirostris;White-billed Buffalo-weaver;;;;;;;
CIARI;A;CIARI;;;31230;CISARI;;Ökengrässångare;Cisticola aridulus;Desert Cisticola;;;;;;;
CIMAR;A;CIMAR;;;31310;CISMAR;;Mörkryggad grässångare;Cisticola marginatus;Winding Cisticola;;;;;;;
DEGOE;A;DEGOE;;;31690;DENGOE;;Afrikansk gråspett;Dendropicos goertae;Grey Woodpecker;;;;;;;
EUMAC;A;EUMAC;;;32050;EUPMAC;;Gulryggad vidafink;Euplectes macroura;Yellow-mantled Widowbird;;;;;;;
HEERY;A;HEERY;;;32340;HELERY;;Kastanjevingad prinia;Heliolais erythropterus;Red-winged Warbler;;;;;;;
HIAET;A;HIAET;;;32390;HIRAET;;Etiopisk svala;Hirundo aethiopica;Ethiopian Swallow;;;;;;;
PEPRE;A;PEPRE;;;32440;PETPRE;;Kamerunklippsvala;Petrochelidon preussi;Preuss's Swallow;;;;;;;
LARUB;A;LARUB;;;32680;LAGRUB;;Mörkröd amarant;Lagonosticta rubricata;African Firefinch;;;;;;;
LARUF;A;LARUF;;;32690;LAGRUF;;Vitbandad amarant;Lagonosticta rufopicta;Bar-breasted Firefinch;;;;;;;
LAERY;A;LAERY;;;32820;LANERY;;Svarthuvad gonolek;Laniarius erythrogaster;Black-headed Gonolek (or Abyssinian G.);;;;;;;
LYVIE;A;LYVIE;;;32970;LYBVIE;;Vieillotbarbett;Lybius vieilloti;Vieillot´s Barbet;;;;;;;
CICOC;A;CICOC;;;33510;CINCOC;;Regnbågssolfågel;Cinnyris coccinigaster;Splendid Sunbird;;;;;;;
CICUP;A;CICUP;;;33520;CINCUP;;Kopparsolfågel;Cinnyris cupreus;Copper Sunbird;;;;;;;
CYVER;A;CYVER;;;33660;CYAVER;;Grönhuvad solfågel;Cyanomitra verticalis;Green-headed Sunbird;;;;;;;
PLLUT;A;PLLUT;;;34250;PLOLUT;;Dvärgmaskvävare;Ploceus luteolus;Little Weaver;;;;;;;
PLPEL;A;PLPEL;;;34280;PLOPEL;;Smalnäbbad vävare;Ploceus pelzelni;Slender-billed Weaver;;;;;;;
PLVIT;A;PLVIT;;;34300;PLOVIT;;Plommongul vävare;Ploceus vitellinus;Vitelline Masked Weaver;;;;;;;
PRFLU;A;PRFLU;;;34460;PRIFLU;;Flodprinia;Prinia fluviatilis;River Prinia;;;;;;;
PYHYP;A;PYHYP;;;34680;PYTHYP;;Rödmaskad astrild;Pytilia hypogrammica;Yellow-winged Pytilia;;;;;;;
PYMEL;A;PYMEL;;;34690;PYTMEL;;Melbaastrild;Pytilia melba;Green-winged Pytilia;;;;;;;
SPCUC;A;SPCUC;;;34940;SPECUC;;Mindre skatfink;Spermestes cucullata;Bronze Mannikin;;;;;;;
SPCLA;A;SPCLA;;;34960;SPICLA;;Sahelsångare;Spiloptila clamans;Cricket-longtail (or Cricket Warbler);;;;;;;
TUABY;A;TUABY;;;35340;TURABY;;Svartnäbbad fläckduva;Turtur abyssinicus;Black-billed Wood Dove;;;;;;;
URMAC;A;URMAC;;;35380;UROMAC;;Blånackad musfågel;Urocolius macrourus;Blue-naped Mousebird;;;;;;;
VIWIL;A;VIWIL;;;35540;VIDWIL;;Brunvingad indigofink;Vidua wilsoni;Wilson's Indigobird;;;;;;;
OKÄND;A;OKÄND;;;99970;UNKNOWN;J;Okänd (eller miss i notering);;Unknown species (or not noted);;;;;;;
NYART;A;NYART;;;99980;NEW;J;Ny art som saknar kod (ange i textrad);;Species not in code list (use text);;;;;;;
KASS;A;KASS;;;99999;DISC;J;Kasserad ring;;Ring destroyed or lost;;;;;;;